Player,G 13/14,G 14/15,G 15/16,G 16/17,G 17/18,G 18/19,G 19/20,G 20/21,G 21/22,G 22/23,G 23/24,PTS 13/14,PTS 14/15,PTS 15/16,PTS 16/17,PTS 17/18,PTS 18/19,PTS 19/20,PTS 20/21,PTS 21/22,PTS 22/23,PTS 23/24,TRB 13/14,TRB 14/15,TRB 15/16,TRB 16/17,TRB 17/18,TRB 18/19,TRB 19/20,TRB 20/21,TRB 21/22,TRB 22/23,TRB 23/24,AST 13/14,AST 14/15,AST 15/16,AST 16/17,AST 17/18,AST 18/19,AST 19/20,AST 20/21,AST 21/22,AST 22/23,AST 23/24,3P 13/14,3P 14/15,3P 15/16,3P 16/17,3P 17/18,3P 18/19,3P 19/20,3P 20/21,3P 21/22,3P 22/23,3P 23/24,STL 13/14,STL 14/15,STL 15/16,STL 16/17,STL 17/18,STL 18/19,STL 19/20,STL 20/21,STL 21/22,STL 22/23,STL 23/24,Forecasted PTS,Forecasted TRB,Forecasted AST,Forecasted 3P,Forecasted STL,Forecasted G
Joel Embiid,,,,31.0,63.0,64.0,51.0,51.0,68,66,39,,,,20.2,22.9,27.5,23.0,28.5,30.6,33.1,34.7,,,,7.8,11.0,13.6,11.6,10.6,11.7,10.2,11,,,,2.1,3.2,3.7,3.0,2.8,4.2,4.2,5.6,,,,1.2,1.0,1.2,1.1,1.1,1.4,1,1.4,,,,0.9,0.6,0.7,0.9,1.0,1.1,1,1.2,39.4488639831543,10.686694145202637,7.494312286376953,1.352894902229309,1.2377269268035889,58.0
Luka Doncic,,,,,,72.0,61.0,66.0,65,66,70,,,,,,21.2,28.8,27.7,28.4,32.4,33.9,,,,,,7.8,9.4,8.0,9.1,8.6,9.2,,,,,,6.0,8.8,8.6,8.7,8,9.8,,,,,,2.3,2.8,2.9,3.1,2.8,4.1,,,,,,1.1,1.0,1.0,1.2,1.4,1.4,34.80679702758789,9.671045303344727,9.522929191589355,4.106545925140381,1.623707890510559,67.0
Nikola Jokic,,,80.0,73.0,75.0,80.0,73.0,72.0,74,69,79,,,10.0,16.7,18.5,20.1,19.9,26.4,27.1,24.5,26.4,,,7.0,9.8,10.7,10.8,9.7,10.8,13.8,11.8,12.4,,,2.4,4.9,6.1,7.3,7.0,8.3,7.9,9.8,9,,,0.4,0.6,1.5,1.0,1.1,1.3,1.3,0.8,1.1,,,1.0,0.8,1.2,1.4,1.2,1.3,1.5,1.3,1.4,27.05521583557129,13.810506820678711,9.333556175231934,1.0845508575439453,1.5627115964889526,74.0
Shai Gilgeous-Alexander,,,,,,82.0,70.0,35.0,56,68,75,,,,,,10.8,19.0,23.7,24.5,31.4,30.1,,,,,,2.8,5.9,4.7,5,4.8,5.5,,,,,,3.3,3.3,5.9,5.9,5.5,6.2,,,,,,0.6,1.2,2.0,1.6,0.9,1.3,,,,,,1.2,1.1,0.8,1.3,1.6,2,29.69105339050293,5.265474796295166,6.647099494934082,1.1433886289596558,2.527036666870117,66.0
Victor Wembanyama,,,,,,,,,,,71,,,,,,,,,,,21.4,,,,,,,,,,,10.6,,,,,,,,,,,3.9,,,,,,,,,,,1.8,,,,,,,,,,,1.2,21.4,10.6,3.9,1.8,1.2,71.0
Anthony Davis,67.0,68.0,61.0,75.0,75.0,56.0,62.0,36.0,40,56,76,20.8,24.4,24.3,28.0,28.1,25.9,26.1,21.8,23.2,25.9,24.7,10.0,10.2,10.3,11.8,11.1,12.0,9.3,7.9,9.9,12.5,12.6,1.6,2.2,1.9,2.1,2.3,3.9,3.2,3.1,3.1,2.6,3.5,0.0,0.0,0.6,0.5,0.7,0.9,1.2,0.7,0.3,0.3,0.4,1.3,1.5,1.3,1.3,1.5,1.6,1.5,1.3,1.2,1.1,1.2,25.39499282836914,10.747236251831055,3.1250274181365967,0.7820709943771362,1.1098228693008423,57.0
Donovan Mitchell,,,,,79.0,77.0,69.0,53.0,67,68,55,,,,,20.5,23.8,24.0,26.4,25.9,28.3,26.6,,,,,3.7,4.1,4.4,4.4,4.2,4.3,5.1,,,,,3.7,4.2,4.3,5.2,5.3,4.4,6.1,,,,,2.4,2.4,2.5,3.4,3.5,3.6,3.3,,,,,1.5,1.4,1.0,1.0,1.5,1.5,1.8,28.374942779541016,4.791961669921875,6.181976795196533,4.154775619506836,1.8257935047149658,63.0
Giannis Antetokounmpo,,81.0,,80.0,75.0,72.0,63.0,61.0,67,63,73,,12.7,,22.9,26.9,27.7,29.5,28.1,29.9,31.1,30.4,,6.7,,8.8,10.0,12.5,13.6,11.0,11.6,11.8,11.5,,2.6,,5.4,4.8,5.9,5.6,5.9,5.8,5.7,6.5,,0.1,,0.6,0.6,0.7,1.4,1.1,1.1,0.7,0.5,,0.9,,1.6,1.5,1.3,1.0,1.2,1.1,0.8,1.2,30.61905860900879,11.920796394348145,6.597339630126953,0.8838716149330139,0.9304292798042297,68.0
Kevin Durant,81.0,27.0,72.0,62.0,68.0,78.0,,35.0,55,47,75,32.0,25.4,28.2,25.1,26.4,26.0,,26.9,29.9,29.1,27.1,7.4,6.6,8.2,8.3,6.8,6.4,,7.1,7.4,6.7,6.6,5.5,4.1,5.0,4.8,5.4,5.9,,5.6,6.4,5,5,2.4,2.4,2.6,1.9,2.5,1.8,,2.4,2.1,2,2.2,1.3,0.9,1.0,1.1,0.7,0.7,,0.7,0.9,0.7,0.9,29.5827693939209,6.53699254989624,6.138812065124512,1.9022427797317505,0.774009644985199,59.0
LeBron James,77.0,69.0,76.0,74.0,82.0,55.0,67.0,45.0,56,55,71,27.1,25.3,25.3,26.4,27.5,27.4,25.3,25.0,30.3,28.9,25.7,6.9,6.0,7.4,8.6,8.6,8.5,7.8,7.7,8.2,8.3,7.3,6.3,7.4,6.8,8.7,9.1,8.3,10.2,7.8,6.2,6.8,8.3,1.5,1.7,1.1,1.7,1.8,2.0,2.2,2.3,2.9,2.2,2.1,1.6,1.6,1.4,1.2,1.4,1.3,1.2,1.1,1.3,0.9,1.3,31.1895809173584,8.275184631347656,7.424022674560547,2.7399377822875977,1.0629446506500244,61.0
Kawhi Leonard,66.0,64.0,72.0,74.0,9.0,60.0,57.0,52.0,,52,68,12.8,16.5,21.2,25.5,16.2,26.6,27.1,24.8,,23.8,23.7,6.2,7.2,6.8,5.8,4.7,7.3,7.1,6.5,,6.5,6.1,2.0,2.5,2.6,3.5,2.3,3.3,4.9,5.2,,3.9,3.6,1.0,1.0,1.8,2.0,1.2,1.9,2.2,1.9,,2,2.1,1.7,2.3,1.8,1.8,2.0,1.8,1.8,1.6,,1.4,1.6,23.69928550720215,6.114651679992676,4.155289173126221,2.1737027168273926,1.3568235635757446,60.0
Jayson Tatum,,,,,80.0,79.0,66.0,64.0,76,74,74,,,,,13.9,15.7,23.4,26.4,26.9,30.1,26.9,,,,,5.0,6.0,7.0,7.4,8,8.8,8.1,,,,,1.6,2.1,3.0,4.3,4.4,4.6,4.9,,,,,1.3,1.5,2.9,2.9,3,3.2,3.1,,,,,1.0,1.1,1.4,1.2,1,1.1,1,27.203222274780273,10.103094100952148,5.861357688903809,3.680720567703247,0.9678919315338135,75.0
Tyrese Haliburton,,,,,,,,58.0,77,56,69,,,,,,,,13.0,15.3,20.7,20.1,,,,,,,,3.0,4,3.7,3.9,,,,,,,,5.3,8.2,10.4,10.9,,,,,,,,2.1,2.1,2.9,2.8,,,,,,,,1.3,1.7,1.6,1.2,26.202316284179688,4.851349830627441,19.166414260864258,3.305864095687866,1.2836692333221436,67.0
Trae Young,,,,,,81.0,60.0,63.0,76,73,54,,,,,,19.1,29.6,25.3,28.4,26.2,25.7,,,,,,3.7,4.3,3.9,3.7,3,2.8,,,,,,8.1,9.3,9.4,9.7,10.2,10.8,,,,,,1.9,3.4,2.2,3.1,2.1,3.2,,,,,,0.9,1.1,0.8,0.9,1.1,1.3,25.6839542388916,2.3420469760894775,11.865148544311523,2.8484017848968506,1.1879842281341553,68.0
Kyrie Irving,71.0,75.0,53.0,72.0,60.0,67.0,20.0,54.0,29,60,58,20.8,21.7,19.6,25.2,24.4,23.8,27.4,26.9,27.4,27.1,25.6,3.6,3.2,3.0,3.2,3.8,5.0,5.2,4.8,4.4,5.1,5,6.1,5.2,4.7,5.8,5.1,6.9,6.4,6.0,5.8,5.5,5.2,1.7,2.1,1.6,2.5,2.8,2.6,2.8,2.8,3.4,3.1,3,1.5,1.5,1.1,1.2,1.1,1.5,1.4,1.4,1.4,1.1,1.3,27.831064224243164,5.203001976013184,5.392302989959717,3.7742507457733154,1.238777756690979,49.0
LaMelo Ball,,,,,,,,,75,36,22,,,,,,,,,20.1,23.3,23.9,,,,,,,,,6.7,6.4,5.1,,,,,,,,,7.6,8.4,8,,,,,,,,,2.9,4,3.2,,,,,,,,,1.6,1.3,1.8,23.9,5.1,8,3.2,1.8,44.0
Scottie Barnes,,,,,,,,,74,77,60,,,,,,,,,15.3,15.3,19.9,,,,,,,,,7.5,6.6,8.2,,,,,,,,,3.5,4.8,6.1,,,,,,,,,0.8,0.8,1.7,,,,,,,,,1.1,1.1,1.3,19.9,8.2,6.1,1.7,1.3,70.0
Devin Booker,,,76.0,78.0,54.0,64.0,70.0,67.0,68,53,68,,,13.8,22.1,24.9,26.6,26.6,25.6,26.8,27.8,27.1,,,2.5,3.2,4.5,4.1,4.2,4.2,5,4.5,4.5,,,2.6,3.4,4.7,6.8,6.5,4.3,4.8,5.5,6.9,,,1.3,1.9,2.7,2.1,2.0,1.9,2.7,2.1,2.2,,,0.6,0.9,0.9,0.9,0.7,0.8,1.1,1,0.9,26.949979782104492,5.336724758148193,5.870179653167725,2.4514496326446533,1.0158071517944336,63.0
Domantas Sabonis,,,,81.0,74.0,74.0,62.0,62.0,62,79,82,,,,5.9,11.6,14.1,18.5,20.3,18.9,19.1,19.4,,,,3.6,7.7,9.3,12.4,12.0,12.1,12.3,13.7,,,,1.0,2.0,2.9,5.0,6.7,5.2,7.3,8.2,,,,0.6,0.2,0.1,0.3,0.8,0.6,0.4,0.4,,,,0.5,0.5,0.6,0.8,1.2,1,0.8,0.9,19.230121612548828,12.82344913482666,8.706024169921875,0.35814785957336426,0.9729587435722351,74.0
Kristaps Porzingis,,,72.0,66.0,48.0,,57.0,43.0,51,65,57,,,14.3,18.1,22.7,,20.4,20.1,20.2,23.2,20.1,,,7.3,7.2,6.6,,9.5,8.9,8.1,8.4,7.2,,,1.3,1.5,1.2,,1.8,1.6,2.3,2.7,2,,,1.1,1.7,1.9,,2.5,2.3,1.5,2.1,1.9,,,0.7,0.7,0.8,,0.7,0.5,0.7,0.9,0.7,21.271543502807617,8.370951652526855,3.226309299468994,1.8115135431289673,0.740329384803772,58.0
Stephen Curry,78.0,80.0,79.0,79.0,51.0,69.0,5.0,63.0,64,56,74,24.0,23.8,30.1,25.3,26.4,27.3,20.8,32.0,25.5,29.4,26.4,4.3,4.3,5.4,4.5,5.1,5.3,5.2,5.5,5.2,6.1,4.5,8.5,7.7,6.7,6.6,6.1,5.2,6.6,5.8,6.3,6.3,5.1,3.3,3.6,5.1,4.1,4.2,5.1,2.4,5.3,4.5,4.9,4.8,1.6,2.0,2.1,1.8,1.6,1.3,1.0,1.2,1.3,0.9,0.7,27.513017654418945,5.804121017456055,5.450124740600586,5.06301212310791,0.8373703956604004,65.0
De'Aaron Fox,,,,,73.0,81.0,51.0,58.0,59,73,74,,,,,11.6,17.3,21.1,25.2,23.2,25,26.6,,,,,2.8,3.8,3.8,3.5,3.9,4.2,4.6,,,,,4.4,7.3,6.8,7.2,5.6,6.1,5.6,,,,,0.6,1.1,1.1,1.8,1.3,1.6,2.9,,,,,1.0,1.6,1.5,1.5,1.2,1.1,2,26.018510818481445,5.052783966064453,4.863613605499268,2.498232126235962,1.3413782119750977,69.0
Damian Lillard,82.0,82.0,75.0,75.0,73.0,80.0,66.0,67.0,29,58,73,20.7,21.0,25.1,27.0,26.9,25.8,30.0,28.8,24,32.2,24.3,3.5,4.6,4.0,4.9,4.5,4.6,4.3,4.2,4.1,4.8,4.4,5.6,6.2,6.8,5.9,6.6,6.9,8.0,7.5,7.3,7.3,7,2.7,2.4,3.1,2.9,3.1,3.0,4.1,4.1,3.2,4.2,3,0.8,1.2,0.9,0.9,1.1,1.1,1.1,0.9,0.6,0.9,1,27.687484741210938,4.4464287757873535,7.645427703857422,3.6593120098114014,0.8211864829063416,53.0
Paul George,80.0,6.0,81.0,75.0,79.0,77.0,48.0,54.0,31,56,74,21.7,8.8,23.1,23.7,21.9,28.0,21.5,23.3,24.3,23.8,22.6,6.8,3.7,7.0,6.6,5.7,8.2,5.7,6.6,6.9,6.1,5.2,3.5,1.0,4.1,3.3,3.3,4.1,3.9,5.2,5.7,5.1,3.5,2.3,1.5,2.6,2.6,3.1,3.8,3.3,3.2,2.9,2.8,3.3,1.9,0.8,1.9,1.6,2.0,2.2,1.4,1.1,2.2,1.5,1.5,23.88970375061035,6.225940227508545,5.416567325592041,3.1379494667053223,1.8375955820083618,54.0
James Harden,73.0,81.0,82.0,81.0,72.0,78.0,68.0,44.0,65,58,72,25.4,27.4,29.0,29.1,30.4,36.1,34.3,24.6,22,21,16.6,4.7,5.7,6.1,8.1,5.4,6.6,6.6,7.9,7.7,6.1,5.1,6.1,7.0,7.5,11.2,8.8,7.5,7.5,10.8,10.3,10.7,8.5,2.4,2.6,2.9,3.2,3.7,4.8,4.4,2.8,2.3,2.8,2.6,1.6,1.9,1.7,1.5,1.8,2.0,1.8,1.2,1.3,1.2,1.1,13.415346145629883,6.62772274017334,7.987463474273682,3.2503843307495117,1.1052595376968384,65.0
Lauri Markkanen,,,,,68.0,52.0,50.0,51.0,61,66,55,,,,,15.2,18.7,14.7,13.6,14.8,25.6,23.2,,,,,7.5,9.0,6.3,5.3,5.7,8.6,8.2,,,,,1.2,1.4,1.5,0.9,1.3,1.9,2,,,,,2.1,2.3,2.2,2.3,2.2,3,3.2,,,,,0.6,0.7,0.8,0.5,0.7,0.6,0.9,9.29102611541748,6.675508975982666,1.9193174839019775,3.343857526779175,0.6894299387931824,61.0
Jalen Brunson,,,,,,73.0,57.0,68.0,79,68,77,,,,,,9.3,8.2,12.6,16.3,24,28.7,,,,,,2.3,2.4,3.4,3.9,3.5,3.6,,,,,,3.2,3.3,3.5,4.8,6.2,6.7,,,,,,0.9,0.8,1.2,1.2,2,2.7,,,,,,0.5,0.4,0.5,0.8,0.9,0.9,38.984439849853516,4.4502739906311035,10.953702926635742,3.986546039581299,1.097801923751831,75.0
Tyrese Maxey,,,,,,,,61.0,75,60,70,,,,,,,,8.0,17.5,20.3,25.9,,,,,,,,1.7,3.2,2.9,3.7,,,,,,,,2.0,4.3,3.5,6.2,,,,,,,,0.5,1.8,2.7,3,,,,,,,,0.4,0.7,0.8,1,50.40829086303711,6.3440842628479,12.287548065185547,7.789825439453125,1.2631016969680786,68.0
Fred VanVleet,,,,37.0,76.0,64.0,54.0,52.0,65,69,73,,,,2.9,8.6,11.0,17.6,19.6,20.3,19.3,17.4,,,,1.1,2.4,2.6,3.8,4.2,4.4,4.1,3.8,,,,0.9,3.2,4.8,6.6,6.3,6.7,7.2,8.1,,,,0.3,1.4,1.8,2.7,3.3,3.7,3,3.1,,,,0.4,0.9,0.9,1.9,1.7,1.7,1.8,1.4,18.615102767944336,4.515399932861328,8.661053657531738,2.8929390907287598,1.8080798387527466,69.0
Anthony Edwards,,,,,,,,72.0,72,79,79,,,,,,,,19.3,21.3,24.6,25.9,,,,,,,,4.7,4.8,5.8,5.4,,,,,,,,2.9,3.8,4.4,5.1,,,,,,,,2.4,3,2.7,2.4,,,,,,,,1.1,1.5,1.6,1.3,30.120460510253906,6.275434494018555,7.8130717277526855,2.6329152584075928,1.497441053390503,77.0
Chet Holmgren,,,,,,,,,,,82,,,,,,,,,,,16.5,,,,,,,,,,,7.9,,,,,,,,,,,2.4,,,,,,,,,,,1.6,,,,,,,,,,,0.6,16.5,7.9,2.4,1.6,0.6,82.0
Ja Morant,,,,,,,67.0,63.0,57,61,9,,,,,,,17.8,19.1,27.4,26.2,25.1,,,,,,,3.9,4.0,5.7,5.9,5.6,,,,,,,7.3,7.4,6.7,8.1,8.1,,,,,,,0.9,1.2,1.5,1.5,1.6,,,,,,,0.9,0.9,1.2,1.1,0.8,32.23601150512695,8.341492652893066,8.3300199508667,1.9207587242126465,1.0352452993392944,42.0
Desmond Bane,,,,,,,,68.0,76,58,42,,,,,,,,9.2,18.2,21.5,23.7,,,,,,,,3.1,4.4,5,4.4,,,,,,,,1.7,2.7,4.4,5.5,,,,,,,,1.7,3,2.9,3.3,,,,,,,,0.6,1.2,1,1,42.784305572509766,6.41493558883667,12.071632385253906,5.233219623565674,1.2381350994110107,59.0
Jaren Jackson Jr.,,,,,,58.0,57.0,11.0,78,63,66,,,,,,13.8,17.4,14.4,16.3,18.6,22.5,,,,,,4.7,4.6,5.6,5.8,6.8,5.5,,,,,,1.1,1.4,1.1,1.1,1,2.3,,,,,,0.9,2.5,1.5,1.6,1.6,1.8,,,,,,0.9,0.7,1.1,0.9,1,1.2,23.42437744140625,7.429380416870117,1.4968575239181519,1.5642849206924438,1.1048365831375122,69.0
DeMar DeRozan,79.0,60.0,78.0,74.0,80.0,77.0,68.0,61.0,76,74,79,22.7,20.1,23.5,27.3,23.0,21.2,22.1,21.6,27.9,24.5,24,4.3,4.6,4.5,5.2,3.9,6.0,5.5,4.2,5.2,4.6,4.3,4.0,3.5,4.0,3.9,5.2,6.2,5.6,6.9,4.9,5.1,5.3,0.8,0.4,0.6,0.4,1.1,0.1,0.1,0.3,0.7,0.6,0.9,1.1,1.2,1.0,1.1,1.1,1.1,1.0,0.9,0.9,1.1,1.1,23.97435760498047,4.766214370727539,5.507658004760742,0.37958580255508423,0.9963341355323792,76.0
Jamal Murray,,,,82.0,81.0,75.0,59.0,48.0,,65,59,,,,9.9,16.7,18.2,18.5,21.2,,20,21.2,,,,2.6,3.7,4.2,4.0,4.0,,4,4.1,,,,2.1,3.4,4.8,4.8,4.8,,6.2,6.5,,,,1.4,2.0,2.0,1.9,2.7,,2.6,2.5,,,,0.6,1.0,0.9,1.1,1.3,,1,1,20.80012321472168,4.24639892578125,8.003061294555664,3.495065212249756,1.217690110206604,62.0
Jimmy Butler,67.0,65.0,67.0,76.0,59.0,65.0,58.0,52.0,57,64,60,13.1,20.0,20.9,23.9,22.2,18.7,19.9,21.5,21.4,22.9,20.8,4.9,5.8,5.3,6.2,5.3,5.3,6.7,6.9,5.9,5.9,5.3,2.6,3.3,4.8,5.5,4.9,4.0,6.0,7.1,5.5,5.3,5,1.0,1.1,1.0,1.2,1.2,1.0,0.5,0.5,0.5,0.6,1,1.9,1.8,1.6,1.9,2.0,1.9,1.8,2.1,1.6,1.8,1.3,20.19807243347168,5.665792465209961,5.653817653656006,0.7339794039726257,1.5125718116760254,60.0
Karl-Anthony Towns,,,82.0,82.0,82.0,77.0,35.0,50.0,74,29,62,,,18.3,25.1,21.3,24.4,26.5,24.8,24.6,20.8,21.8,,,10.5,12.3,12.3,12.4,10.8,10.6,9.8,8.1,8.3,,,2.0,2.7,2.4,3.4,4.4,4.5,3.6,4.8,3,,,0.4,1.2,1.5,1.8,3.3,2.4,2,2.1,2.2,,,0.7,0.7,0.8,0.9,0.9,0.8,1,0.7,0.7,25.471664428710938,6.9091691970825195,3.951918363571167,2.4302542209625244,0.8448472023010254,55.0
Dejounte Murray,,,,38.0,81.0,,66.0,67.0,68,74,78,,,,3.4,8.1,,10.9,15.7,21.1,20.5,22.5,,,,1.1,5.7,,5.8,7.1,8.3,5.3,5.3,,,,1.3,2.9,,4.1,5.4,9.2,6.1,6.4,,,,0.2,0.1,,0.6,0.9,1.4,1.8,2.6,,,,0.2,1.2,,1.7,1.5,2,1.5,1.4,23.64048194885254,6.024288654327393,7.0840277671813965,3.8999931812286377,1.7454267740249634,73.0
Derrick White,,,,,17.0,67.0,68.0,36.0,75,82,73,,,,,3.2,9.9,11.3,15.4,13.2,12.4,15.2,,,,,1.5,3.7,3.3,3.0,3.5,3.6,4.2,,,,,0.5,3.9,3.5,3.5,4.9,3.9,5.2,,,,,0.5,0.7,1.2,2.3,1.5,1.8,2.7,,,,,0.2,1.0,0.6,0.7,0.9,0.7,1,13.81932258605957,4.565162658691406,6.49608039855957,2.3810267448425293,0.9431381821632385,77.0
Rudy Gobert,45.0,82.0,61.0,81.0,56.0,81.0,68.0,71.0,66,70,76,2.3,8.4,9.1,14.0,13.5,15.9,15.1,14.3,15.6,13.4,14,3.4,9.5,11.0,12.8,10.7,12.9,13.5,13.5,14.7,11.6,12.9,0.2,1.3,1.5,1.2,1.4,2.0,1.5,1.3,1.1,1.2,1.3,0.0,0.0,0.0,0.0,0.0,0.0,0.0,0.0,0,0,0,0.2,0.8,0.7,0.6,0.8,0.8,0.8,0.6,0.7,0.8,0.7,14.411578178405762,12.449541091918945,1.1784721612930298,0.0,0.7441352605819702,71.0
Bam Adebayo,,,,,69.0,82.0,72.0,64.0,56,75,71,,,,,6.9,8.9,15.9,18.7,19.1,20.4,19.3,,,,,5.5,7.3,10.2,9.0,10.1,9.2,10.4,,,,,1.5,2.2,5.1,5.4,3.4,3.2,3.9,,,,,0.0,0.0,0.0,0.0,0,0,0.2,,,,,0.5,0.9,1.1,1.2,1.4,1.2,1.1,19.413103103637695,10.806883811950684,4.09061861038208,0.04912804439663887,1.2809938192367554,67.0
Alperen Sengun,,,,,,,,,,,63,,,,,,,,,,,21.1,,,,,,,,,,,9.3,,,,,,,,,,,5,,,,,,,,,,,0.5,,,,,,,,,,,1.2,21.1,9.3,5,0.5,1.2,63.0
Evan Mobley,,,,,,,,,69,79,50,,,,,,,,,15,16.2,15.7,,,,,,,,,8.3,9,9.4,,,,,,,,,2.5,2.8,3.2,,,,,,,,,0.3,0.3,0.4,,,,,,,,,0.8,0.8,0.9,15.7,9.4,3.2,0.4,0.9,66.0
Cade Cunningham,,,,,,,,,64,12,62,,,,,,,,,17.4,19.9,22.7,,,,,,,,,5.5,6.2,4.3,,,,,,,,,5.6,6,7.5,,,,,,,,,1.8,1.4,1.9,,,,,,,,,1.2,0.8,0.9,22.7,4.3,7.5,1.9,0.9,46.0
CJ McCollum,38.0,62.0,80.0,80.0,81.0,70.0,70.0,47.0,62,75,66,5.3,6.8,20.8,23.0,21.4,21.0,22.2,23.1,22.1,20.9,20,1.3,1.5,3.2,3.6,4.0,4.0,4.2,3.9,4.3,4.4,4.3,0.7,1.0,4.3,3.6,3.4,3.0,4.4,4.7,5.1,5.7,4.6,0.8,0.9,2.5,2.3,2.3,2.4,2.8,3.6,2.9,2.8,3.6,0.4,0.7,1.2,0.9,1.0,0.8,0.8,0.9,1.1,0.9,0.9,22.354045867919922,4.868716239929199,5.8371195793151855,3.3571131229400635,0.9620176553726196,68.0
Jarrett Allen,,,,,72.0,80.0,70.0,63.0,56,68,77,,,,,8.2,10.9,11.1,12.8,16.1,14.3,16.5,,,,,5.4,8.4,9.6,10.0,10.8,9.8,10.5,,,,,0.7,1.4,1.6,1.7,1.6,1.7,2.7,,,,,0.1,0.1,0.0,0.1,0,0,0,,,,,0.4,0.5,0.6,0.5,0.8,0.8,0.7,19.06045150756836,11.854251861572266,2.3831253051757812,-0.041882410645484924,0.9055120944976807,67.0
Myles Turner,,,60.0,81.0,65.0,74.0,62.0,47.0,42,62,77,,,10.3,14.5,12.7,13.3,12.1,12.6,12.9,18,17.1,,,5.5,7.3,6.4,7.2,6.6,6.5,7.1,7.5,6.9,,,0.7,1.3,1.3,1.6,1.2,1.0,1,1.4,1.3,,,0.1,0.5,0.9,1.0,1.4,1.5,1.5,1.5,1.5,,,0.4,0.9,0.6,0.8,0.7,0.9,0.7,0.6,0.5,17.949825286865234,7.878641605377197,1.2116039991378784,1.5447649955749512,0.6422173976898193,60.0
Jalen Johnson,,,,,,,,,22,70,56,,,,,,,,,2.4,5.6,16,,,,,,,,,1.2,4,8.7,,,,,,,,,0.1,1.2,3.6,,,,,,,,,0.1,0.4,1.3,,,,,,,,,0.1,0.5,1.2,16,8.7,3.6,1.3,1.2,49.0
Jalen Williams,,,,,,,,,,75,71,,,,,,,,,,14.1,19.1,,,,,,,,,,4.5,4,,,,,,,,,,3.3,4.5,,,,,,,,,,1,1.5,,,,,,,,,,1.4,1.1,19.1,4,4.5,1.5,1.1,73.0
Daniel Gafford,,,,,,,43.0,54.0,72,78,74,,,,,,,5.1,7.0,9.4,9,11,,,,,,,2.5,4.3,5.7,5.6,7.6,,,,,,,0.5,0.5,0.9,1.1,1.6,,,,,,,0.0,0.0,0,0,0,,,,,,,0.3,0.5,0.4,0.4,0.9,14.37639331817627,10.032122611999512,2.4255056381225586,0.0,0.7363402843475342,75.0
Julius Randle,,1.0,81.0,74.0,82.0,73.0,64.0,71.0,72,77,46,,2.0,11.3,13.2,16.1,21.4,19.5,24.1,20.1,25.1,24,,0.0,10.2,8.6,8.0,8.7,9.7,10.2,9.9,10,9.2,,0.0,1.8,3.6,2.6,3.1,3.1,6.0,5.1,4.1,5,,0.0,0.1,0.2,0.1,0.9,1.0,2.3,1.7,2.8,1.7,,0.0,0.7,0.7,0.5,0.7,0.8,0.9,0.7,0.6,0.5,23.14956283569336,10.467214584350586,4.907781600952148,2.328449010848999,0.6496357917785645,65.0
Brook Lopez,17.0,72.0,73.0,75.0,74.0,81.0,68.0,70.0,13,78,79,20.7,17.2,20.6,20.5,13.0,12.5,12.0,12.3,12.4,15.9,12.5,6.0,7.4,7.8,5.4,4.0,4.9,4.6,5.0,4.1,6.7,5.2,0.9,0.7,2.0,2.3,1.7,1.2,1.5,0.7,0.5,1.3,1.6,0.0,0.0,0.0,1.8,1.5,2.3,1.5,1.4,1.5,1.7,1.9,0.5,0.6,0.8,0.5,0.4,0.6,0.7,0.6,0.6,0.5,0.5,12.387495040893555,4.642442226409912,1.6944971084594727,1.6460286378860474,0.5287951231002808,57.0
Jaylen Brown,,,,78.0,70.0,74.0,57.0,58.0,66,67,70,,,,6.6,14.5,13.0,20.3,24.7,23.6,26.6,23,,,,2.8,4.9,4.2,6.4,6.0,6.1,6.9,5.5,,,,0.8,1.6,1.4,2.1,3.4,3.5,3.5,3.6,,,,0.6,1.7,1.3,2.3,2.8,2.5,2.4,2.1,,,,0.4,1.0,0.9,1.1,1.2,1.1,1.1,1.2,24.624248504638672,7.111401557922363,4.140138149261475,2.5949130058288574,1.218430757522583,68.0
Miles Bridges,,,,,,80.0,65.0,66.0,80,,69,,,,,,7.5,13.0,12.7,20.2,,21,,,,,,4.0,5.6,6.0,7,,7.3,,,,,,1.2,1.8,2.2,3.8,,3.3,,,,,,0.8,1.5,1.8,1.9,,2.3,,,,,,0.7,0.6,0.7,0.9,,0.9,21.560312271118164,9.291607856750488,4.487422943115234,2.841681480407715,1.015274167060852,74.0
Zion Williamson,,,,,,,24.0,61.0,,29,70,,,,,,,22.5,27.0,,26,22.9,,,,,,,6.3,7.2,,7,5.8,,,,,,,2.1,3.7,,4.6,5,,,,,,,0.3,0.2,,0.2,0.1,,,,,,,0.7,0.9,,1.1,1.1,25.530925750732422,6.123578071594238,9.697771072387695,0.09446077048778534,1.3024098873138428,50.0
Nikola Vucevic,57.0,74.0,65.0,75.0,57.0,80.0,62.0,70.0,73,82,76,14.2,19.3,18.2,14.6,16.5,20.8,19.6,23.4,17.6,17.6,18,11.0,10.9,8.9,10.4,9.2,12.0,10.9,11.7,11,11,10.5,1.8,2.0,2.8,2.8,3.4,3.8,3.6,3.8,3.2,3.2,3.3,0.0,0.0,0.0,0.3,1.1,1.1,1.6,2.5,1.4,1.5,1.2,1.1,0.7,0.8,1.0,1.0,1.0,0.9,0.9,1,0.7,0.7,19.286808013916016,11.186554908752441,3.3270199298858643,1.6600455045700073,0.8422127366065979,77.0
Brandon Ingram,,,,79.0,59.0,52.0,62.0,61.0,55,45,64,,,,9.4,16.1,18.3,23.8,23.8,22.7,24.7,20.8,,,,4.0,5.3,5.1,6.1,4.9,5.8,5.5,5.1,,,,2.1,3.9,3.0,4.2,4.9,5.6,5.8,5.7,,,,0.7,0.7,0.6,2.4,2.3,1.3,1.4,1.3,,,,0.6,0.8,0.5,1.0,0.7,0.6,0.7,0.8,22.883071899414062,5.963015556335449,5.9469218254089355,1.6478863954544067,0.7304584980010986,55.0
D'Angelo Russell,,,80.0,63.0,48.0,81.0,45.0,42.0,65,71,76,,,13.2,15.6,15.5,21.1,23.1,19.0,18.1,17.8,18,,,3.4,3.5,3.9,3.9,3.9,2.6,3.3,3,3.1,,,3.3,4.8,5.2,7.0,6.3,5.8,7.1,6.2,6.3,,,1.6,2.1,1.9,2.9,3.5,2.9,2.7,2.7,3,,,1.2,1.4,0.8,1.2,1.1,1.1,1,1,0.9,19.46785545349121,2.782313346862793,6.143085479736328,2.9374730587005615,0.9512500762939453,71.0
Deandre Ayton,,,,,,,38.0,,58,67,55,,,,,,,18.2,,17.2,18,16.7,,,,,,,11.5,,10.2,10,11.1,,,,,,,1.9,,1.4,1.7,1.6,,,,,,,0.1,,0.1,0.1,0,,,,,,,0.7,,0.7,0.6,1,16.01428985595703,9.93213939666748,1.409896969795227,-6.998387107159942e-05,1.0294079780578613,60.0
Terry Rozier,,,39.0,74.0,80.0,79.0,63.0,69.0,73,63,61,,,1.8,5.5,11.3,9.0,18.0,20.4,19.3,21.1,19.8,,,1.6,3.1,4.7,3.9,4.4,4.4,4.3,4.1,4,,,0.9,1.8,2.9,2.9,4.1,4.2,4.5,5.1,5.6,,,0.2,0.8,1.9,1.5,2.7,3.2,3,2.6,2.4,,,0.2,0.6,1.0,0.9,1.0,1.3,1.3,1.2,1,20.338638305664062,4.2917938232421875,5.404355525970459,2.890366792678833,1.2621049880981445,66.0
Tobias Harris,61.0,68.0,76.0,82.0,80.0,82.0,72.0,62.0,73,74,70,14.6,17.1,14.7,16.1,18.6,20.0,19.6,19.5,17.2,14.7,17.2,7.0,6.3,6.7,5.1,5.5,7.9,6.9,6.8,6.8,5.7,6.5,1.3,1.8,2.2,1.7,2.4,2.8,3.2,3.5,3.5,2.5,3.1,0.5,1.3,1.1,1.3,2.3,1.9,1.8,1.3,1.4,1.7,1.3,0.7,1.0,0.9,0.7,0.9,0.6,0.7,0.9,0.6,0.9,1,19.8000431060791,6.061038494110107,3.2764675617218018,1.6399034261703491,0.7642813324928284,72.0
Bradley Beal,73.0,63.0,55.0,77.0,82.0,82.0,57.0,60.0,40,50,53,17.1,15.3,17.4,23.1,22.6,25.6,30.5,31.3,23.2,23.2,18.2,3.7,3.8,3.4,3.1,4.4,5.0,4.2,4.7,4.7,3.9,4.4,3.3,3.1,2.9,3.5,4.5,5.5,6.1,4.4,6.6,5.4,5,1.9,1.7,1.9,2.9,2.4,2.5,3.0,2.2,1.6,1.6,1.9,1.0,1.2,1.0,1.1,1.2,1.5,1.2,1.2,0.9,0.9,1,27.361740112304688,4.532325267791748,6.5229315757751465,1.754919409751892,0.937174379825592,48.0
Franz Wagner,,,,,,,,,79,80,72,,,,,,,,,15.2,18.6,19.7,,,,,,,,,4.5,4.1,5.3,,,,,,,,,2.9,3.5,3.7,,,,,,,,,1.2,1.6,1.3,,,,,,,,,0.9,1,1.1,19.7,5.3,3.7,1.3,1.1,77.0
Paolo Banchero,,,,,,,,,,72,80,,,,,,,,,,20,22.6,,,,,,,,,,6.9,6.9,,,,,,,,,,3.7,5.4,,,,,,,,,,1.2,1.5,,,,,,,,,,0.8,0.9,22.6,6.9,5.4,1.5,0.9,76.0
Pascal Siakam,,,,55.0,81.0,80.0,60.0,56.0,68,71,80,,,,4.2,7.3,16.9,22.9,21.4,22.8,24.2,21.7,,,,3.4,4.5,6.9,7.3,7.2,8.5,7.8,7.1,,,,0.3,2.0,3.1,3.5,4.5,5.3,5.8,4.3,,,,0.0,0.4,1.0,2.2,1.3,1.1,1.3,1.1,,,,0.5,0.8,0.9,1.0,1.1,1.3,0.9,0.8,23.141538619995117,6.887217044830322,4.172444820404053,1.3250224590301514,1.062848687171936,73.0
Anfernee Simons,,,,,,20.0,70.0,64.0,57,62,46,,,,,,3.8,8.3,7.8,17.3,21.1,22.6,,,,,,0.7,2.2,2.2,2.6,2.6,3.6,,,,,,0.7,1.4,1.4,3.9,4.1,5.5,,,,,,0.5,1.1,1.9,3.1,3.4,3.4,,,,,,0.1,0.4,0.3,0.5,0.7,0.5,31.827489852905273,3.9973607063293457,9.102065086364746,4.255002021789551,0.6757732629776001,55.0
Nic Claxton,,,,,,,15.0,32.0,47,76,71,,,,,,,4.4,6.6,8.7,12.6,11.8,,,,,,,2.9,5.2,5.6,9.2,9.9,,,,,,,1.1,0.9,0.9,1.9,2.1,,,,,,,0.1,0.0,0,0,0,,,,,,,0.1,0.7,0.5,0.9,0.6,9.07745361328125,14.375886917114258,3.030978202819824,3.5533848858904094e-06,0.7639183402061462,65.0
Kyle Kuzma,,,,,77.0,70.0,61.0,68.0,66,64,70,,,,,16.1,18.7,12.8,12.9,17.1,21.2,22.2,,,,,6.3,5.5,4.5,6.1,8.5,7.2,6.6,,,,,1.8,2.5,1.3,1.9,3.5,3.7,4.2,,,,,2.1,1.8,1.4,2.0,1.9,2.5,2.2,,,,,0.6,0.6,0.5,0.5,0.6,0.6,0.5,19.901535034179688,9.46961784362793,6.965636253356934,2.6611268520355225,0.5635796785354614,67.0
Alex Caruso,,,,,37.0,25.0,64.0,58.0,41,67,71,,,,,3.6,9.2,5.5,6.4,7.4,5.6,10.1,,,,,1.8,2.7,1.9,2.9,3.6,2.9,3.8,,,,,2.0,3.1,1.9,2.8,4,2.9,3.5,,,,,0.4,1.0,0.6,0.9,1,0.8,1.9,,,,,0.6,1.0,1.1,1.1,1.7,1.5,1.7,8.525100708007812,4.7446699142456055,5.010402679443359,1.7326596975326538,2.2252116203308105,60.0
Zach LaVine,,77.0,82.0,47.0,24.0,63.0,60.0,58.0,67,77,25,,10.1,14.0,18.9,16.7,23.7,25.5,27.4,24.4,24.8,19.5,,2.8,2.8,3.4,3.9,4.7,4.8,5.0,4.6,4.5,5.2,,3.6,3.1,3.0,3.0,4.5,4.2,4.9,4.5,4.2,3.9,,0.7,1.5,2.6,1.8,1.9,3.1,3.4,2.8,2.6,2.4,,0.7,0.8,0.9,1.0,1.0,1.5,0.8,0.6,0.9,0.8,23.23065185546875,5.1725640296936035,4.526538372039795,2.6790847778320312,0.8168708086013794,56.0
Devin Vassell,,,,,,,,62.0,71,38,68,,,,,,,,5.5,12.3,18.5,19.5,,,,,,,,2.8,4.3,3.9,3.8,,,,,,,,0.9,1.9,3.6,4.1,,,,,,,,0.8,1.9,2.7,2.4,,,,,,,,0.7,1.1,1.1,1.1,44.30584716796875,5.215865612030029,10.509384155273438,4.751791000366211,1.3288615942001343,59.0
Mikal Bridges,,,,,,82.0,73.0,72.0,82,83,82,,,,,,8.3,9.1,13.5,14.2,20.1,19.6,,,,,,3.2,4.0,4.3,4.2,4.4,4.5,,,,,,2.1,1.8,2.1,2.3,3.3,3.6,,,,,,1.3,1.0,1.9,1.4,2,2.7,,,,,,1.6,1.4,1.1,1.2,1.1,1,22.083206176757812,4.873570919036865,5.141789436340332,2.762983560562134,0.9876447319984436,82.0
Jusuf Nurkic,,62.0,32.0,65.0,79.0,72.0,8.0,37.0,56,52,76,,6.9,8.2,10.2,14.3,15.6,17.6,11.5,15,13.3,10.9,,6.2,5.5,7.2,9.0,10.4,10.3,9.0,11.1,9.1,11,,0.8,1.3,1.9,1.8,3.2,4.0,3.4,2.8,2.9,4,,0.0,0.0,0.0,0.0,0.0,0.3,0.3,0.3,0.8,0.3,,0.8,0.8,0.8,0.8,1.0,1.4,1.0,1.1,0.8,1.1,13.717642784118652,9.931844711303711,3.3757436275482178,0.6226248145103455,1.0261543989181519,61.0
Darius Garland,,,,,,,59.0,54.0,68,69,57,,,,,,,12.3,17.4,21.7,21.6,18,,,,,,,1.9,2.4,3.3,2.7,2.7,,,,,,,3.9,6.1,8.6,7.8,6.5,,,,,,,1.8,1.9,2.6,2.4,2.3,,,,,,,0.7,1.2,1.3,1.2,1.3,16.407026290893555,3.3477602005004883,4.59746789932251,2.9367313385009766,1.3921602964401245,65.0
Jalen Duren,,,,,,,,,,67,61,,,,,,,,,,9.1,13.8,,,,,,,,,,8.9,11.6,,,,,,,,,,1.1,2.4,,,,,,,,,,0,0,,,,,,,,,,0.7,0.5,13.8,11.6,2.4,0,0.5,64.0
Tyler Herro,,,,,,,55.0,54.0,66,67,42,,,,,,,13.5,15.1,20.7,20.1,20.8,,,,,,,4.1,5.0,5,5.4,5.3,,,,,,,2.2,3.4,4,4.2,4.5,,,,,,,2.1,2.0,2.7,3,3.1,,,,,,,0.6,0.6,0.7,0.8,0.7,24.607540130615234,6.020493507385254,5.95224142074585,4.565109729766846,0.8163561224937439,58.0
Jrue Holiday,34.0,40.0,65.0,67.0,81.0,67.0,61.0,59.0,67,67,69,14.3,14.8,16.8,15.4,19.0,21.2,19.1,17.7,18.3,19.3,12.5,4.2,3.4,3.0,3.9,4.5,5.0,4.8,4.5,4.5,5.1,5.4,7.9,6.9,6.0,7.3,6.0,7.7,6.7,6.1,6.8,7.4,4.8,0.9,1.3,1.3,1.5,1.5,1.8,2.0,1.9,2,2.4,2,1.6,1.6,1.4,1.5,1.5,1.6,1.6,1.6,1.6,1.2,0.9,18.595415115356445,5.360535621643066,6.487978458404541,2.4998960494995117,1.2186051607131958,68.0
Marcus Smart,,67.0,61.0,79.0,54.0,80.0,60.0,48.0,71,61,20,,7.8,9.1,10.6,10.2,8.9,12.9,13.1,12.1,11.5,14.5,,3.3,4.2,3.9,3.5,2.9,3.8,3.5,3.8,3.1,2.7,,3.1,3.0,4.6,4.8,4.0,4.9,5.7,5.9,6.3,4.3,,1.4,1.0,1.2,1.4,1.6,2.3,1.9,1.7,1.9,2.1,,1.5,1.5,1.6,1.3,1.8,1.7,1.5,1.7,1.5,2.1,13.435483932495117,2.962775468826294,6.390089511871338,1.994861364364624,1.813624620437622,51.0
Austin Reaves,,,,,,,,,61,64,82,,,,,,,,,7.3,13,15.9,,,,,,,,,3.2,3,4.3,,,,,,,,,1.8,3.4,5.5,,,,,,,,,0.9,1.3,1.9,,,,,,,,,0.5,0.5,0.8,15.9,4.3,5.5,1.9,0.8,69.0
Mark Williams,,,,,,,,,,43,19,,,,,,,,,,9,12.7,,,,,,,,,,7.1,9.7,,,,,,,,,,0.4,1.2,,,,,,,,,,0,0,,,,,,,,,,0.7,0.8,12.7,9.7,1.2,0,0.8,31.0
Donte DiVincenzo,,,,,,27.0,66.0,66.0,42,72,81,,,,,,4.9,9.2,10.4,9,9.4,15.5,,,,,,2.4,4.8,5.8,4,4.5,3.7,,,,,,1.1,2.3,3.1,2.8,3.5,2.7,,,,,,0.8,1.3,2.0,1.8,2.1,3.5,,,,,,0.5,1.3,1.1,1.1,1.3,1.3,13.197402954101562,3.3386571407318115,3.3753163814544678,3.9019663333892822,1.3595905303955078,65.0
Grayson Allen,,,,,,38.0,38.0,50.0,66,72,75,,,,,,5.6,8.7,10.6,11.1,10.4,13.5,,,,,,0.6,2.2,3.2,3.4,3.3,3.9,,,,,,0.7,1.4,2.2,1.5,2.3,3,,,,,,0.8,1.5,2.1,2.4,2,2.7,,,,,,0.2,0.3,0.9,0.7,0.9,0.9,12.89295768737793,3.8688061237335205,3.0248830318450928,2.927788257598877,0.9494479298591614,71.0
Bogdan Bogdanovic,,,,,78.0,70.0,61.0,44.0,63,54,79,,,,,11.8,14.1,15.1,16.4,15.1,14,16.9,,,,,2.9,3.5,3.4,3.6,4,3.1,3.4,,,,,3.3,3.8,3.4,3.3,3.1,2.8,3.1,,,,,1.7,1.9,2.7,3.3,2.7,2.7,3,,,,,0.9,1.0,1.0,1.1,1.1,0.8,1.2,16.585948944091797,3.695142984390259,2.496105670928955,2.9738712310791016,1.0451250076293945,65.0
Coby White,,,,,,,65.0,69.0,61,74,79,,,,,,,13.2,15.1,12.7,9.7,19.1,,,,,,,3.5,4.1,3,2.9,4.5,,,,,,,2.7,4.8,2.9,2.8,5.1,,,,,,,2.0,2.4,2.2,1.7,2.6,,,,,,,0.8,0.6,0.5,0.7,0.7,5.965170860290527,2.9681456089019775,2.9294474124908447,2.009920358657837,0.6813783049583435,71.0
Jerami Grant,,65.0,77.0,80.0,81.0,80.0,71.0,54.0,47,63,54,,6.3,9.7,5.5,8.4,13.6,12.0,22.3,19.2,20.5,21,,3.0,4.7,2.6,3.9,5.2,3.5,4.6,4.1,4.5,3.5,,1.2,1.8,0.6,0.7,1.0,1.2,2.8,2.4,2.4,2.8,,0.8,0.5,0.5,0.4,1.4,1.4,2.1,1.9,2.3,2.1,,0.6,0.7,0.4,0.4,0.8,0.7,0.6,0.9,0.8,0.8,21.174806594848633,4.282644748687744,2.9514946937561035,2.3160626888275146,0.8762614727020264,55.0
Javonte Green,,,,,,,48.0,41.0,65,32,9,,,,,,,3.4,3.6,7.2,5.2,12.2,,,,,,,1.9,1.7,4.2,2.8,7.4,,,,,,,0.5,0.4,0.9,0.7,0.6,,,,,,,0.2,0.2,0.6,0.4,1.1,,,,,,,0.5,0.7,1,0.8,1.1,24.068857192993164,17.57159423828125,0.7911366820335388,1.9188202619552612,1.2192531824111938,35.0
Keegan Murray,,,,,,,,,,80,77,,,,,,,,,,12.2,15.2,,,,,,,,,,4.6,5.5,,,,,,,,,,1.2,1.7,,,,,,,,,,2.6,2.4,,,,,,,,,,0.8,1,15.2,5.5,1.7,2.4,1,78.0
Michael Porter Jr.,,,,,,,55.0,61.0,9,62,81,,,,,,,9.3,19.0,9.9,17.4,16.7,,,,,,,4.7,7.3,6.6,5.5,7,,,,,,,0.8,1.1,1.9,1,1.5,,,,,,,1.1,2.8,1.1,3,2.7,,,,,,,0.5,0.7,1.1,0.6,0.5,17.769161224365234,6.021534442901611,1.6967101097106934,2.8466408252716064,0.5625180006027222,51.0
Draymond Green,82.0,79.0,81.0,76.0,70.0,66.0,43.0,63.0,46,73,55,6.2,11.7,14.0,10.2,11.0,7.4,8.0,7.0,7.5,8.5,8.6,5.0,8.2,9.5,7.9,7.6,7.3,6.2,7.1,7.3,7.2,7.2,1.9,3.7,7.4,7.0,7.3,6.9,6.2,8.9,7,6.8,6,0.7,1.4,1.2,1.1,1.1,0.7,0.8,0.5,0.3,0.5,0.9,1.2,1.6,1.5,2.0,1.4,1.4,1.4,1.7,1.3,1,1,8.413802146911621,6.78037691116333,6.770606994628906,0.5204687714576721,1.0855334997177124,58.0
John Collins,,,,,74.0,61.0,41.0,63.0,54,71,68,,,,,10.5,19.5,21.6,17.6,16.2,13.1,15.1,,,,,7.3,9.8,10.1,7.4,7.8,6.5,8.5,,,,,1.3,2.0,1.5,1.2,1.8,1.2,1.1,,,,,0.2,0.9,1.4,1.3,1.2,1,1.3,,,,,0.6,0.4,0.8,0.5,0.6,0.6,0.6,15.373221397399902,6.826848030090332,1.3107317686080933,1.2000679969787598,0.5818250179290771,64.0
OG Anunoby,,,,,74.0,67.0,69.0,,48,67,50,,,,,5.9,7.0,10.6,,17.1,16.8,14.7,,,,,2.5,2.9,5.3,,5.5,5,4.2,,,,,0.7,0.7,1.6,,2.6,2,2.1,,,,,1.0,1.0,1.3,,2.4,2.1,2,,,,,0.7,0.7,1.4,,1.5,1.9,1.4,13.826430320739746,3.4588425159454346,2.607901096343994,2.829383134841919,1.8419275283813477,55.0
Scotty Pippen Jr.,,,,,,,,,,6,21,,,,,,,,,,2.3,12.9,,,,,,,,,,0.7,3.2,,,,,,,,,,0.3,4.7,,,,,,,,,,0.2,1.4,,,,,,,,,,0.3,1.7,12.9,3.2,4.7,1.4,1.7,13.0
Mike Conley,73.0,70.0,56.0,69.0,12.0,70.0,47.0,51.0,72,67,76,17.2,15.8,15.3,20.5,17.1,21.1,14.4,16.2,13.7,11.9,11.4,2.9,3.0,2.9,3.5,2.3,3.4,3.2,3.5,3,2.7,2.9,6.0,5.4,6.1,6.3,4.1,6.4,4.4,6.0,5.3,6.7,5.9,1.4,1.5,1.4,2.5,2.0,2.2,2.0,2.7,2.3,2,2.4,1.5,1.3,1.2,1.3,1.0,1.3,0.8,1.4,1.3,1.1,1.2,11.35536003112793,2.7215476036071777,6.108787536621094,2.366326332092285,1.167004108428955,72.0
Trey Murphy III,,,,,,,,,62,79,57,,,,,,,,,5.4,14.5,14.8,,,,,,,,,2.4,3.6,4.9,,,,,,,,,0.6,1.4,2.2,,,,,,,,,1.1,2.6,3,,,,,,,,,0.4,1.1,0.9,14.8,4.9,2.2,3,0.9,66.0
Herbert Jones,,,,,,,,,78,66,76,,,,,,,,,9.5,9.8,11,,,,,,,,,3.8,4.1,3.6,,,,,,,,,2.1,2.5,2.6,,,,,,,,,0.7,0.8,1.5,,,,,,,,,1.7,1.6,1.4,11,3.6,2.6,1.5,1.4,73.0
Collin Sexton,,,,,,82.0,65.0,60.0,11,48,78,,,,,,16.7,20.8,24.3,16,14.3,18.7,,,,,,2.9,3.1,3.1,3.3,2.2,2.6,,,,,,3.0,3.0,4.4,2.1,2.9,4.9,,,,,,1.5,1.5,1.6,1,1,1.6,,,,,,0.5,1.0,1.0,0.9,0.6,0.8,12.176135063171387,2.353541612625122,2.1761584281921387,0.9843868017196655,0.7030232548713684,46.0
Walker Kessler,,,,,,,,,,74,64,,,,,,,,,,9.2,8.1,,,,,,,,,,8.4,7.5,,,,,,,,,,0.9,0.9,,,,,,,,,,0,0.1,,,,,,,,,,0.4,0.5,8.1,7.5,0.9,0.1,0.5,69.0
Jakob Poeltl,,,,54.0,82.0,77.0,66.0,69.0,68,72,50,,,,3.1,6.9,5.5,5.6,8.6,13.5,12.5,11.1,,,,3.1,4.8,5.3,5.7,7.9,9.3,9.1,8.6,,,,0.2,0.7,1.2,1.8,1.9,2.8,2.7,2.5,,,,0.0,0.0,0.0,0.0,0.0,0,0,0,,,,0.3,0.5,0.4,0.6,0.7,0.7,0.9,0.7,8.935079574584961,9.443034172058105,3.1116466522216797,0.0,0.8574417233467102,63.0
Khris Middleton,82.0,79.0,79.0,29.0,82.0,77.0,62.0,68.0,66,33,55,12.1,13.4,18.2,14.7,20.1,18.3,20.9,20.4,20.1,15.1,15.1,3.8,4.4,3.8,4.2,5.2,6.0,6.2,6.0,5.4,4.2,4.7,2.1,2.3,4.2,3.4,4.0,4.3,4.3,5.4,5.4,4.9,5.3,1.5,1.4,1.8,1.6,1.8,2.3,2.4,2.2,2.5,1.5,1.7,1.0,1.5,1.7,1.4,1.5,1.0,0.9,1.1,1.2,0.7,0.9,15.860906600952148,5.094290733337402,5.8376240730285645,1.9347835779190063,0.8615922927856445,51.0
Isaiah Hartenstein,,,,,,28.0,23.0,46.0,68,82,75,,,,,,1.9,4.7,5.1,8.3,5,7.8,,,,,,1.7,3.9,3.9,4.9,6.5,8.3,,,,,,0.5,0.8,1.2,2.4,1.2,2.5,,,,,,0.1,0.0,0.0,0.2,0.1,0,,,,,,0.3,0.4,0.4,0.7,0.6,1.2,7.647752285003662,12.927817344665527,2.8370070457458496,0.05062772333621979,1.493969202041626,75.0
Tyus Jones,,,37.0,60.0,82.0,68.0,65.0,70.0,73,80,66,,,4.2,3.5,5.1,6.9,7.4,6.3,8.7,10.3,12,,,1.3,1.1,1.6,2.0,1.6,2.0,2.4,2.5,2.7,,,2.9,2.6,2.8,4.8,4.4,3.7,4.4,5.2,7.3,,,0.4,0.4,0.5,0.6,0.7,0.6,1.1,1.5,1.6,,,0.8,0.8,1.2,1.2,0.9,0.9,0.9,1,1.1,15.252802848815918,3.327913522720337,8.025236129760742,2.8847336769104004,0.9731772541999817,73.0
Jalen Green,,,,,,,,,67,76,82,,,,,,,,,17.3,22.1,19.6,,,,,,,,,3.4,3.7,5.2,,,,,,,,,2.6,3.7,3.5,,,,,,,,,2.3,2.5,2.5,,,,,,,,,0.7,0.8,0.8,19.6,5.2,3.5,2.5,0.8,75.0
Clint Capela,,12.0,77.0,65.0,74.0,67.0,39.0,63.0,74,65,73,,2.7,7.0,12.6,13.9,16.6,13.9,15.2,11.1,12,11.5,,3.0,6.4,8.1,10.8,12.7,13.8,14.3,11.9,11,10.6,,0.2,0.6,1.0,0.9,1.4,1.2,0.8,1.2,0.9,1.2,,0.0,0.0,0.0,0.0,0.0,0.0,0.0,0,0,0,,0.1,0.8,0.5,0.8,0.7,0.8,0.7,0.7,0.7,0.6,14.638872146606445,12.42517375946045,1.1433438062667847,0.0,0.7090674042701721,71.0
Jabari Smith Jr.,,,,,,,,,,79,76,,,,,,,,,,12.8,13.7,,,,,,,,,,7.2,8.1,,,,,,,,,,1.3,1.6,,,,,,,,,,1.5,1.8,,,,,,,,,,0.5,0.7,13.7,8.1,1.6,1.8,0.7,77.0
Deni Avdija,,,,,,,,,82,76,75,,,,,,,,,8.4,9.2,14.7,,,,,,,,,5.2,6.4,7.2,,,,,,,,,2,2.8,3.8,,,,,,,,,1,0.9,1.2,,,,,,,,,0.7,0.9,0.8,14.7,7.2,3.8,1.2,0.8,78.0
Cam Thomas,,,,,,,,,67,57,66,,,,,,,,,8.5,10.6,22.5,,,,,,,,,2.4,1.7,3.2,,,,,,,,,1.2,1.4,2.9,,,,,,,,,0.7,0.9,2.2,,,,,,,,,0.5,0.4,0.7,22.5,3.2,2.9,2.2,0.7,63.0
Immanuel Quickley,,,,,,,,64.0,78,81,68,,,,,,,,11.4,11.3,14.9,17,,,,,,,,2.1,3.2,4.2,3.8,,,,,,,,2.0,3.5,3.4,4.9,,,,,,,,1.8,1.8,2.1,2.5,,,,,,,,0.5,0.7,1,0.7,19.177297592163086,6.344247817993164,8.78732967376709,2.8314976692199707,0.8085266351699829,76.0
Brandon Miller,,,,,,,,,,,74,,,,,,,,,,,17.3,,,,,,,,,,,4.3,,,,,,,,,,,2.4,,,,,,,,,,,2.5,,,,,,,,,,,0.9,17.3,4.3,2.4,2.5,0.9,74.0
Klay Thompson,81.0,77.0,80.0,78.0,73.0,78.0,,,32,69,77,18.4,21.7,22.1,22.3,20.0,21.5,,,20.4,21.9,17.9,3.1,3.2,3.8,3.7,3.8,3.8,,,3.9,4.1,3.3,2.2,2.9,2.1,2.1,2.5,2.4,,,2.8,2.4,2.3,2.8,3.1,3.5,3.4,3.1,3.1,,,3.6,4.4,3.5,0.9,1.1,0.8,0.8,0.8,1.1,,,0.5,0.7,0.6,19.86870765686035,4.09043550491333,2.6141955852508545,4.655384540557861,0.5785197615623474,59.0
Jordan Poole,,,,,,,57.0,51.0,76,82,78,,,,,,,8.8,12.0,18.5,20.4,17.4,,,,,,,2.1,1.8,3.4,2.7,2.7,,,,,,,2.4,1.9,4,4.5,4.4,,,,,,,1.3,1.9,2.8,2.6,2.4,,,,,,,0.6,0.5,0.8,0.8,1.1,17.443986892700195,4.066621780395508,9.02303695678711,3.2917661666870117,1.2092465162277222,79.0
Jalen Suggs,,,,,,,,,48,53,75,,,,,,,,,11.8,9.9,12.6,,,,,,,,,3.6,3,3.1,,,,,,,,,4.4,2.9,2.7,,,,,,,,,0.9,1.2,2,,,,,,,,,1.2,1.3,1.4,12.6,3.1,2.7,2,1.4,59.0
Caris LeVert,,,,57.0,71.0,40.0,45.0,47.0,58,74,68,,,,8.2,12.1,13.7,18.7,20.2,17,12.1,14,,,,3.3,3.7,3.8,4.2,4.6,3.7,3.8,4.1,,,,1.9,4.2,3.9,4.4,5.2,4.3,3.9,5.1,,,,1.0,1.2,1.2,1.8,1.8,1.4,1.7,1.6,,,,0.9,1.2,1.1,1.2,1.4,0.9,1,1.1,20.245101928710938,3.696247100830078,4.5627312660217285,1.6669079065322876,0.9740256071090698,67.0
Malcolm Brogdon,,,,75.0,48.0,64.0,54.0,56.0,36,67,39,,,,10.2,13.0,15.6,16.5,21.2,19.1,14.9,15.7,,,,2.8,3.3,4.5,4.9,5.3,5.1,4.2,3.8,,,,4.2,3.2,3.2,7.1,5.9,5.9,3.7,5.5,,,,1.0,1.3,1.6,1.4,2.6,1.6,2,2.1,,,,1.1,0.9,0.7,0.6,0.9,0.8,0.7,0.7,18.58685874938965,4.126848220825195,6.216250419616699,2.015751838684082,0.7100204229354858,47.0
De'Anthony Melton,,,,,,50.0,60.0,52.0,73,77,38,,,,,,5.0,7.6,9.1,10.8,10.1,11.1,,,,,,2.7,3.7,3.1,4.5,4.1,3.7,,,,,,3.2,2.9,2.5,2.7,2.6,3,,,,,,0.6,0.7,1.7,1.9,2,2,,,,,,1.4,1.3,1.2,1.4,1.6,1.6,10.278258323669434,5.529728889465332,2.657572031021118,2.4366447925567627,1.8084261417388916,63.0
Al Horford,29.0,76.0,82.0,68.0,72.0,68.0,67.0,28.0,69,63,65,18.6,15.2,15.2,14.0,12.9,13.6,11.9,14.2,10.2,9.8,8.6,8.4,7.2,7.3,6.8,7.4,6.7,6.8,6.7,7.7,6.2,6.4,2.6,3.2,3.2,5.0,4.7,4.2,4.0,3.4,3.4,3,2.6,0.1,0.1,1.1,1.3,1.3,1.1,1.5,2.0,1.3,2.3,1.7,0.9,0.9,0.8,0.8,0.6,0.9,0.8,0.9,0.7,0.5,0.6,7.555478096008301,6.509883880615234,2.804551124572754,1.8374617099761963,0.6105749011039734,66.0
Ivica Zubac,,,,38.0,43.0,59.0,72.0,72.0,76,76,68,,,,7.5,3.7,8.9,8.3,9.0,10.3,10.8,11.7,,,,4.2,2.9,6.1,7.5,7.2,8.5,9.9,9.2,,,,0.8,0.6,1.1,1.1,1.3,1.6,1,1.4,,,,0.0,0.0,0.0,0.0,0.0,0,0,0,,,,0.4,0.2,0.2,0.2,0.3,0.5,0.4,0.3,13.970012664794922,11.011796951293945,1.4886208772659302,0.0,0.3562426269054413,73.0
Naz Reid,,,,,,,30.0,70.0,77,68,81,,,,,,,9.0,11.2,8.3,11.5,13.5,,,,,,,4.1,4.6,3.9,4.9,5.2,,,,,,,1.2,1.0,0.9,1.1,1.3,,,,,,,1.1,0.9,0.7,1.1,2.1,,,,,,,0.6,0.5,0.5,0.6,0.8,12.128508567810059,5.348893642425537,1.1967893838882446,1.8721275329589844,0.7345842123031616,75.0
Malik Monk,,,,,63.0,73.0,55.0,42.0,76,77,72,,,,,6.7,8.9,10.3,11.7,13.8,13.5,15.4,,,,,1.0,1.9,2.9,2.4,3.4,2.6,2.9,,,,,1.4,1.6,2.1,2.1,2.9,3.9,5.1,,,,,1.3,1.5,1.1,2.0,2.3,1.9,2.1,,,,,0.3,0.5,0.5,0.5,0.8,0.6,0.6,15.154401779174805,2.8517000675201416,9.106096267700195,2.5419576168060303,0.7313256859779358,75.0
Jonas Valanciunas,81.0,80.0,60.0,80.0,77.0,49.0,70.0,62.0,74,79,82,11.3,12.0,12.8,12.0,12.7,15.6,14.9,17.1,17.8,14.1,12.2,8.8,8.7,9.1,9.5,8.6,8.6,11.3,12.5,11.4,10.2,8.8,0.7,0.5,0.7,0.7,1.1,1.4,1.9,1.8,2.6,1.8,2.1,0.0,0.0,0.0,0.0,0.4,0.3,0.5,0.3,0.8,0.5,0.5,0.3,0.4,0.4,0.5,0.4,0.4,0.4,0.6,0.6,0.3,0.4,13.283419609069824,9.722001075744629,2.5055782794952393,0.5957583785057068,0.45117878913879395,78.0
RJ Barrett,,,,,,,,72.0,70,73,58,,,,,,,,17.6,20,19.6,20.2,,,,,,,,5.8,5.8,5,5.4,,,,,,,,3.0,3,2.8,3.3,,,,,,,,1.7,2,1.7,1.6,,,,,,,,0.7,0.6,0.4,0.5,22.522815704345703,5.004405975341797,3.3213796615600586,1.63137686252594,0.45542532205581665,67.0
Vince Williams Jr.,,,,,,,,,,15,52,,,,,,,,,,2,10,,,,,,,,,,1,5.6,,,,,,,,,,0.3,3.4,,,,,,,,,,0.3,1.5,,,,,,,,,,0.4,0.9,10,5.6,3.4,1.5,0.9,33.0
Max Strus,,,,,,,2.0,39.0,68,80,70,,,,,,,2.5,6.1,10.6,11.5,12.2,,,,,,,0.5,1.1,3,3.2,4.8,,,,,,,0.0,0.6,1.4,2.1,4,,,,,,,0.0,1.3,2.7,2.5,2.4,,,,,,,0.0,0.3,0.4,0.5,0.9,8.215231895446777,10.312320709228516,9.1137056350708,2.802147150039673,1.1241806745529175,73.0
Tari Eason,,,,,,,,,,82,22,,,,,,,,,,9.3,9.8,,,,,,,,,,6,7,,,,,,,,,,1.1,1.2,,,,,,,,,,0.7,0.8,,,,,,,,,,1.2,1.4,9.8,7,1.2,0.8,1.4,52.0
Josh Giddey,,,,,,,,,54,76,80,,,,,,,,,12.5,16.6,12.3,,,,,,,,,7.8,7.9,6.4,,,,,,,,,6.4,6.2,4.8,,,,,,,,,1,1,1,,,,,,,,,0.9,0.8,0.6,12.3,6.4,4.8,1,0.6,70.0
Kelly Olynyk,70.0,64.0,69.0,75.0,76.0,79.0,67.0,70.0,40,68,78,8.7,10.3,10.0,9.0,11.5,10.0,8.2,13.5,9.1,12.5,9.8,5.2,4.7,4.1,4.8,5.7,4.7,4.6,7.0,4.4,6.2,5.3,1.6,1.7,1.5,2.0,2.7,1.8,1.7,2.9,2.8,3.7,4.4,0.6,1.0,1.2,0.9,1.4,1.4,1.4,1.8,1,1.4,0.8,0.5,1.0,0.8,0.6,0.8,0.7,0.7,1.1,0.8,0.9,0.9,10.4857759475708,5.327158451080322,5.525391101837158,1.1351213455200195,0.8509978652000427,62.0
Kelly Oubre Jr.,,,63.0,79.0,81.0,69.0,56.0,55.0,76,48,68,,,3.7,6.3,11.8,15.2,18.7,15.4,15,20.3,15.4,,,2.1,3.3,4.5,4.7,6.4,6.0,4,5.2,5,,,0.2,0.6,1.2,1.2,1.5,1.3,1.1,1.1,1.5,,,0.4,0.7,1.6,1.6,1.9,1.6,2.5,2.3,1.5,,,0.3,0.7,1.0,1.2,1.3,1.0,1,1.4,1.1,15.116789817810059,5.4127044677734375,1.2847148180007935,2.4859566688537598,1.2322022914886475,64.0
Chris Paul,62.0,82.0,74.0,61.0,58.0,58.0,70.0,70.0,65,59,58,19.1,19.1,19.5,18.1,18.6,15.6,17.6,16.4,14.7,13.9,9.2,4.3,4.6,4.2,5.0,5.4,4.6,5.0,4.5,4.4,4.3,3.9,10.7,10.2,10.0,9.2,7.9,8.2,6.7,8.9,10.8,8.9,6.8,1.3,1.7,1.6,2.0,2.5,2.2,1.6,1.5,1,1.7,1.3,2.5,1.9,2.1,2.0,1.7,2.0,1.6,1.4,1.9,1.5,1.2,9.06476879119873,3.8609163761138916,7.843501091003418,1.3178554773330688,1.4242230653762817,61.0
Aaron Gordon,,47.0,78.0,80.0,58.0,78.0,62.0,50.0,75,68,73,,5.2,9.2,12.7,17.6,16.0,14.4,12.4,15,16.3,13.9,,3.6,6.5,5.1,7.9,7.4,7.7,5.7,5.9,6.6,6.5,,0.7,1.6,1.9,2.3,3.7,3.7,3.2,2.5,3,3.5,,0.3,0.5,1.0,2.0,1.6,1.2,1.2,1.2,0.9,0.5,,0.4,0.8,0.8,1.0,0.7,0.8,0.7,0.6,0.8,0.8,13.547985076904297,7.213335037231445,3.2608437538146973,1.2381469011306763,0.7321235537528992,72.0
Dennis Schroder,49.0,77.0,80.0,79.0,67.0,79.0,65.0,61.0,64,66,80,3.7,10.0,11.0,17.9,19.4,15.5,18.9,15.4,13.5,12.6,14,1.2,2.1,2.6,3.1,3.1,3.6,3.6,3.5,3.3,2.5,3,1.9,4.1,4.4,6.3,6.2,4.1,4.0,5.8,4.6,4.5,6.1,0.2,0.7,1.0,1.3,1.1,1.6,1.9,1.2,1.3,1.1,1.7,0.3,0.6,0.9,0.9,1.1,0.8,0.7,1.1,0.8,0.8,0.8,14.93571949005127,2.926769256591797,4.974769115447998,1.4155033826828003,0.8359898924827576,70.0
Robert Williams III,,,,,,,,,61,35,6,,,,,,,,,10,8,6.8,,,,,,,,,9.6,8.3,6.3,,,,,,,,,2,1.4,0.8,,,,,,,,,0,0,0,,,,,,,,,0.9,0.6,1.2,6.8,6.3,0.8,0,1.2,34.0
Shaedon Sharpe,,,,,,,,,,80,32,,,,,,,,,,9.9,15.9,,,,,,,,,,3,5,,,,,,,,,,1.2,2.9,,,,,,,,,,1.3,1.9,,,,,,,,,,0.5,0.9,15.9,5,2.9,1.9,0.9,56.0
Onyeka Okongwu,,,,,,,,50.0,48,80,55,,,,,,,,4.6,8.2,9.9,10.2,,,,,,,,3.3,5.9,7.2,6.8,,,,,,,,0.4,1.1,1,1.3,,,,,,,,0.0,0,0.1,0.4,,,,,,,,0.5,0.6,0.7,0.5,18.636045455932617,12.770730018615723,1.9007928371429443,0.42286810278892517,0.5236164927482605,61.0
P.J. Washington Jr.,,,,,,,,,65,73,73,,,,,,,,,10.3,15.7,12.9,,,,,,,,,5.2,4.9,5.6,,,,,,,,,2.3,2.4,1.9,,,,,,,,,1.7,2,1.8,,,,,,,,,0.9,0.9,1,12.9,5.6,1.9,1.8,1,70.0
Keldon Johnson,,,,,,,17.0,69.0,75,63,69,,,,,,,9.1,12.8,17,22,15.7,,,,,,,3.4,6.0,6.1,5,5.5,,,,,,,0.9,1.8,2.1,2.9,2.8,,,,,,,0.8,0.9,2.1,2.1,1.8,,,,,,,0.8,0.6,0.8,0.7,0.7,15.592731475830078,5.498289108276367,3.7703306674957275,2.3640663623809814,0.7245457768440247,69.0
Bobby Portis,,,62.0,64.0,73.0,50.0,66.0,66.0,72,70,82,,,7.0,6.8,13.2,14.2,10.1,11.4,14.6,14.1,13.8,,,5.4,4.6,6.8,8.1,5.1,7.1,9.1,9.6,7.4,,,0.8,0.5,1.7,1.4,1.5,1.1,1.2,1.5,1.3,,,0.3,0.5,1.1,1.5,1.0,1.1,1.8,1.4,1.2,,,0.4,0.3,0.7,0.7,0.5,0.8,0.7,0.4,0.8,13.821632385253906,10.244100570678711,1.3420964479446411,1.6109813451766968,0.6879773139953613,75.0
Aaron Nesmith,,,,,,,,46.0,52,73,72,,,,,,,,4.7,3.8,10.1,12.2,,,,,,,,2.8,1.7,3.8,3.8,,,,,,,,0.5,0.4,1.3,1.5,,,,,,,,0.9,0.6,1.6,1.9,,,,,,,,0.3,0.4,0.8,0.9,21.15755271911621,4.274056911468506,2.0832760334014893,2.4190592765808105,1.1360180377960205,66.0
Dereck Lively II,,,,,,,,,,,55,,,,,,,,,,,8.8,,,,,,,,,,,6.9,,,,,,,,,,,1.1,,,,,,,,,,,0,,,,,,,,,,,0.7,8.8,6.9,1.1,0,0.7,55.0
Kentavious Caldwell-Pope,80.0,82.0,76.0,76.0,74.0,82.0,69.0,67.0,77,76,76,5.9,12.7,14.5,13.8,13.4,11.4,9.3,9.7,13.2,10.8,10.1,2.0,3.1,3.7,3.3,5.2,2.9,2.1,2.7,3.4,2.7,2.4,0.7,1.3,1.8,2.5,2.2,1.3,1.6,1.9,1.9,2.4,2.4,0.7,1.9,1.5,2.0,2.1,1.8,1.3,1.8,2.1,1.8,1.6,0.9,1.1,1.4,1.2,1.4,0.9,0.8,0.9,1.1,1.5,1.3,10.677705764770508,2.865764856338501,2.3088128566741943,1.9293532371520996,1.2020642757415771,76.0
Josh Hart,,,,,63.0,67.0,65.0,47.0,54,76,81,,,,,7.9,7.8,10.1,9.2,14.9,9.8,9.4,,,,,4.2,3.7,6.5,8.0,7.2,7.8,8.3,,,,,1.3,1.4,1.7,2.3,4.1,3.8,4.1,,,,,1.2,1.4,1.9,1.3,1.4,0.8,1,,,,,0.7,1.0,1.0,0.8,1.1,1.2,0.9,13.855032920837402,8.518360137939453,5.2732977867126465,0.822212278842926,1.164425253868103,70.0
Tre Jones,,,,,,,,37.0,69,68,77,,,,,,,,2.5,6,12.9,10,,,,,,,,0.6,2.2,3.6,3.8,,,,,,,,1.1,3.4,6.6,6.2,,,,,,,,0.1,0.1,0.7,0.8,,,,,,,,0.2,0.6,1.3,1,28.207983016967773,10.88607120513916,18.634777069091797,1.0341382026672363,1.5581169128417969,71.0
Amen Thompson,,,,,,,,,,,62,,,,,,,,,,,9.5,,,,,,,,,,,6.6,,,,,,,,,,,2.6,,,,,,,,,,,0.1,,,,,,,,,,,1.3,9.5,6.6,2.6,0.1,1.3,62.0
Cameron Johnson,,,,,,,57.0,60.0,66,42,58,,,,,,,8.8,9.6,12.5,15.5,13.4,,,,,,,3.3,3.3,4.1,4.4,4.3,,,,,,,1.2,1.4,1.5,1.9,2.4,,,,,,,1.9,2.0,2.5,2.5,2.4,,,,,,,0.6,0.6,0.9,1.2,0.8,17.648488998413086,5.8481364250183105,3.06878924369812,2.984557867050171,1.1763355731964111,55.0
Ayo Dosunmu,,,,,,,,,77,80,76,,,,,,,,,8.8,8.6,12.2,,,,,,,,,2.8,2.8,2.8,,,,,,,,,3.3,2.6,3.2,,,,,,,,,0.9,0.7,1.6,,,,,,,,,0.8,0.8,0.9,12.2,2.8,3.2,1.6,0.9,78.0
De'Andre Hunter,,,,,,,63.0,23.0,53,67,57,,,,,,,12.3,15.0,13.4,15.4,15.6,,,,,,,4.5,4.8,3.3,4.2,3.9,,,,,,,1.8,1.9,1.3,1.4,1.5,,,,,,,1.7,1.3,1.4,1.5,2.1,,,,,,,0.7,0.8,0.7,0.5,0.7,16.128799438476562,3.073671579360962,1.1503660678863525,2.062732458114624,0.5529472231864929,59.0
Buddy Hield,,,,82.0,80.0,82.0,72.0,71.0,81,80,84,,,,10.6,13.5,20.7,19.2,16.6,15.6,16.8,12.1,,,,3.3,3.8,5.0,4.6,4.7,4.4,5,3.2,,,,1.5,1.9,2.5,3.0,3.6,2.8,2.8,2.8,,,,1.8,2.2,3.4,3.8,4.0,3.2,3.6,2.6,,,,0.5,1.1,0.7,0.9,0.9,0.9,1.2,0.8,13.311806678771973,4.145153999328613,2.9271535873413086,3.1368825435638428,1.0317484140396118,82.0
Nick Richards,,,,,,,,18.0,50,65,67,,,,,,,,0.8,3,8.2,9.7,,,,,,,,0.6,1.7,6.4,8,,,,,,,,0.1,0.3,0.6,0.8,,,,,,,,0.0,0,0,0,,,,,,,,0.0,0.2,0.2,0.4,38.17949295043945,33.18145751953125,1.0726308822631836,0.0,0.46078699827194214,61.0
Jonathan Kuminga,,,,,,,,,70,67,74,,,,,,,,,9.3,9.9,16.1,,,,,,,,,3.3,3.4,4.8,,,,,,,,,0.9,1.9,2.2,,,,,,,,,0.7,0.8,0.7,,,,,,,,,0.4,0.6,0.7,16.1,4.8,2.2,0.7,0.7,70.0
Jordan Clarkson,,59.0,79.0,82.0,81.0,81.0,71.0,68.0,79,61,55,,11.9,15.5,14.7,13.9,16.8,15.2,18.4,16,20.8,17.1,,3.2,4.0,3.0,2.7,3.3,2.6,4.0,3.5,4,3.4,,3.5,2.4,2.6,2.7,2.4,1.9,2.5,2.5,4.4,5,,0.6,1.4,1.4,1.4,1.8,2.1,3.1,2.4,2.5,1.7,,0.9,1.1,1.1,0.7,0.7,0.6,0.9,0.8,0.5,0.6,19.968780517578125,3.7719004154205322,5.4590067863464355,2.2338149547576904,0.6198224425315857,65.0
Saddiq Bey,,,,,,,,70.0,82,77,63,,,,,,,,12.2,16.1,13.8,13.7,,,,,,,,4.5,5.4,4.7,6.5,,,,,,,,1.4,2.8,1.5,1.5,,,,,,,,2.5,2.6,2,1.8,,,,,,,,0.7,0.9,0.9,0.8,16.546768188476562,8.038064002990723,1.7282452583312988,1.6170083284378052,0.8627162575721741,74.0
Santi Aldama,,,,,,,,,32,77,61,,,,,,,,,4.1,9,10.7,,,,,,,,,2.7,4.8,5.8,,,,,,,,,0.7,1.3,2.3,,,,,,,,,0.2,1.2,1.7,,,,,,,,,0.2,0.6,0.7,10.7,5.8,2.3,1.7,0.7,57.0
Ben Simmons,,,,,81.0,79.0,57.0,58.0,,42,15,,,,,15.8,16.9,16.4,14.3,,6.9,6.1,,,,,8.1,8.8,7.8,7.2,,6.3,7.9,,,,,8.2,7.7,8.0,6.9,,6.1,5.7,,,,,0.0,0.0,0.0,0.1,,0,0,,,,,1.7,1.4,2.1,1.6,,1.3,0.8,4.438174724578857,5.641776084899902,4.380359172821045,-0.031153660267591476,0.9353835582733154,28.0
Luguentz Dort,,,,,,,36.0,52.0,51,74,79,,,,,,,6.8,14.0,17.2,13.7,10.9,,,,,,,2.3,3.6,4.2,4.6,3.6,,,,,,,0.8,1.7,1.7,2.1,1.4,,,,,,,0.8,2.2,2.5,1.8,2,,,,,,,0.9,0.9,0.9,1,0.9,9.895625114440918,4.822779655456543,1.8236676454544067,2.067885160446167,0.9683277606964111,68.0
Duncan Robinson,,,,,,15.0,73.0,72.0,79,42,68,,,,,,3.3,13.5,13.1,10.9,6.4,12.9,,,,,,1.3,3.2,3.5,2.6,1.6,2.5,,,,,,0.3,1.4,1.8,1.6,1.1,2.8,,,,,,0.7,3.7,3.5,2.9,1.5,2.8,,,,,,0.3,0.5,0.6,0.5,0.3,0.7,15.964439392089844,1.7796721458435059,2.0668301582336426,2.0710513591766357,0.48822352290153503,63.0
Isaiah Stewart,,,,,,,,68.0,71,50,46,,,,,,,,7.9,8.3,11.3,10.9,,,,,,,,6.7,8.7,8.1,6.6,,,,,,,,0.9,1.2,1.4,1.6,,,,,,,,0.3,0.2,1.3,1.5,,,,,,,,0.6,0.3,0.4,0.4,13.644014358520508,7.771887302398682,2.0345242023468018,2.4742043018341064,0.3557145595550537,56.0
Jeremy Sochan,,,,,,,,,,56,74,,,,,,,,,,11,11.6,,,,,,,,,,5.3,6.4,,,,,,,,,,2.5,3.4,,,,,,,,,,0.6,0.9,,,,,,,,,,0.8,0.8,11.6,6.4,3.4,0.9,0.8,65.0
Kyle Lowry,79.0,70.0,77.0,60.0,78.0,65.0,58.0,46.0,63,55,60,17.9,17.8,21.2,22.4,16.2,14.2,19.4,17.2,13.4,11.2,8.1,4.7,4.7,4.7,4.8,5.6,4.8,5.0,5.4,4.5,4.1,3.2,7.4,6.8,6.4,7.0,6.9,8.7,7.5,7.3,7.5,5.1,4.2,2.4,1.9,2.8,3.2,3.1,2.4,2.8,2.8,2.3,1.9,1.6,1.5,1.6,2.1,1.5,1.1,1.4,1.4,1.0,1.1,1,1,5.593117713928223,3.391768455505371,4.936110973358154,1.7860982418060303,0.9338939785957336,59.0
Jaden Ivey,,,,,,,,,,74,77,,,,,,,,,,16.3,15.4,,,,,,,,,,3.9,3.4,,,,,,,,,,5.2,3.8,,,,,,,,,,1.6,1.6,,,,,,,,,,0.8,0.7,15.4,3.4,3.8,1.6,0.7,76.0
Wendell Carter Jr.,,,,,,44.0,43.0,54.0,62,57,55,,,,,,10.3,11.3,11.2,15,15.2,11,,,,,,7.0,9.4,8.2,10.5,8.7,6.9,,,,,,1.8,1.2,1.9,2.8,2.3,1.7,,,,,,0.1,0.1,0.3,1.1,1.4,1.2,,,,,,0.6,0.8,0.6,0.6,0.5,0.6,15.733205795288086,9.568416595458984,2.637256145477295,1.4005111455917358,0.5259698033332825,58.0
Jaime Jaquez Jr.,,,,,,,,,,,75,,,,,,,,,,,11.9,,,,,,,,,,,3.8,,,,,,,,,,,2.6,,,,,,,,,,,0.9,,,,,,,,,,,1,11.9,3.8,2.6,0.9,1,75.0
Ausar Thompson,,,,,,,,,,,63,,,,,,,,,,,8.8,,,,,,,,,,,6.4,,,,,,,,,,,1.9,,,,,,,,,,,0.3,,,,,,,,,,,1.1,8.8,6.4,1.9,0.3,1.1,63.0
Russell Westbrook,46.0,67.0,80.0,81.0,80.0,73.0,57.0,65.0,78,73,68,21.8,28.1,23.5,31.6,25.4,22.9,27.2,22.2,18.5,15.9,11.1,5.7,7.3,7.8,10.7,10.1,11.1,7.9,11.5,7.4,5.8,5,6.9,8.6,10.4,10.4,10.3,10.7,7.0,11.7,7.1,7.5,4.5,1.5,1.3,1.3,2.5,1.2,1.6,1.0,1.3,1,1.2,0.6,1.9,2.1,2.0,1.6,1.8,1.9,1.6,1.4,1,1,1.1,4.119215965270996,7.556493759155273,4.886971950531006,0.9850059747695923,0.8094866275787354,73.0
Rui Hachimura,,,,,,,48.0,57.0,42,63,68,,,,,,,13.5,13.8,11.3,11.2,13.6,,,,,,,6.1,5.5,3.8,4.5,4.3,,,,,,,1.8,1.4,1.1,0.9,1.2,,,,,,,0.5,0.8,1.3,0.8,1.4,,,,,,,0.8,0.8,0.5,0.3,0.6,10.129289627075195,3.2204322814941406,0.8580272793769836,1.6157307624816895,0.4088893532752991,58.0
Zach Collins,,,,,66.0,77.0,11.0,,28,63,69,,,,,4.4,6.6,7.0,,7.8,11.6,11.2,,,,,3.3,4.2,6.3,,5.5,6.4,5.4,,,,,0.8,0.9,1.5,,2.2,2.9,2.8,,,,,0.5,0.5,0.6,,0.5,0.9,0.8,,,,,0.3,0.3,0.5,,0.5,0.6,0.5,16.1653995513916,6.301936149597168,4.14092493057251,0.8456472158432007,0.5743481516838074,53.0
T.J. McConnell,,,81.0,81.0,76.0,76.0,71.0,69.0,27,75,71,,,6.1,6.9,6.3,6.4,6.5,8.6,8.5,8.7,10.2,,,3.1,3.1,3.0,2.3,2.7,3.7,3.3,3.1,2.7,,,4.5,6.6,4.0,3.4,5.0,6.6,4.9,5.3,5.5,,,0.4,0.1,0.4,0.2,0.1,0.2,0.4,0.3,0.3,,,1.2,1.7,1.2,1.0,0.8,1.9,1.1,1.1,1,11.472257614135742,3.008162498474121,5.044230937957764,0.25876152515411377,1.0532170534133911,58.0
Matisse Thybulle,,,,,,,65.0,65.0,66,71,65,,,,,,,4.7,3.9,5.7,4.1,5.4,,,,,,,1.6,1.9,2.3,2,2.1,,,,,,,1.2,1.0,1.1,0.7,1.4,,,,,,,0.9,0.7,0.7,0.8,1.2,,,,,,,1.4,1.6,1.7,1.2,1.7,5.963641166687012,2.3669183254241943,1.0082508325576782,1.0705437660217285,1.445050835609436,67.0
Patrick Williams,,,,,,,,71.0,17,82,43,,,,,,,,9.2,9,10.2,10,,,,,,,,4.6,4.1,4,3.9,,,,,,,,1.4,0.9,1.2,1.5,,,,,,,,0.8,0.9,1.4,1.4,,,,,,,,0.9,0.5,0.9,0.9,10.543720245361328,3.362116813659668,1.390999436378479,1.7173947095870972,0.8503566980361938,47.0
Gary Trent Jr.,,,,,,15.0,61.0,58.0,70,66,71,,,,,,2.7,8.9,15.3,18.3,17.4,13.7,,,,,,0.7,1.6,2.6,2.7,2.6,2.6,,,,,,0.3,1.0,1.4,2,1.6,1.7,,,,,,0.3,1.8,2.8,3,2.5,2.5,,,,,,0.1,0.8,1.0,1.7,1.6,1.1,12.007067680358887,3.0183980464935303,1.6149848699569702,2.8565452098846436,1.6006711721420288,69.0
Paul Reed,,,,,,,,26.0,38,69,82,,,,,,,,3.4,3.1,4.2,7.3,,,,,,,,2.3,2.4,3.8,6,,,,,,,,0.5,0.4,0.4,1.3,,,,,,,,0.0,0.1,0,0.3,,,,,,,,0.4,0.9,0.7,0.8,9.816742897033691,9.706905364990234,1.4506279230117798,0.3147020637989044,0.9529117941856384,63.0
Cole Anthony,,,,,,,,47.0,65,60,81,,,,,,,,12.9,16.3,13,11.6,,,,,,,,4.7,5.4,4.8,3.8,,,,,,,,4.1,5.7,3.9,2.9,,,,,,,,1.2,2,1.3,1.1,,,,,,,,0.6,0.7,0.6,0.8,12.596415519714355,3.735384225845337,2.8808541297912598,1.1922389268875122,0.8405290246009827,69.0
Norman Powell,,,49.0,76.0,70.0,60.0,52.0,69.0,45,60,76,,,5.6,8.4,5.5,8.6,16.0,18.6,19,17,13.9,,,2.3,2.2,1.7,2.3,3.7,3.1,3.2,2.9,2.6,,,1.0,1.1,1.3,1.5,1.8,1.9,2.1,1.8,1.1,,,0.7,0.7,0.8,1.1,2.1,2.5,2.4,1.9,2.2,,,0.6,0.7,0.5,0.7,1.2,1.2,0.9,0.8,0.6,13.113445281982422,3.1808061599731445,1.8266992568969727,2.220229148864746,0.8678932189941406,60.0
Luke Kennard,,,,,73.0,63.0,28.0,63.0,70,59,39,,,,,7.6,9.7,15.8,8.3,11.9,9.3,11,,,,,2.4,2.9,3.5,2.6,3.3,2.7,2.9,,,,,1.7,1.8,4.1,1.7,2.1,1.5,3.5,,,,,1.1,1.7,2.6,1.6,2.7,2.3,2.7,,,,,0.6,0.4,0.4,0.4,0.6,0.5,0.5,10.147669792175293,2.951298236846924,1.9760404825210571,3.3278305530548096,0.5356850624084473,56.0
Bruce Brown,,,,,,74.0,58.0,65.0,72,80,67,,,,,,4.3,8.9,8.8,9,11.5,10.8,,,,,,2.5,4.7,5.4,4.8,4.1,4.2,,,,,,1.2,4.0,1.6,2.1,3.4,2.9,,,,,,0.3,0.6,0.3,0.5,1.1,0.8,,,,,,0.5,1.1,0.9,1.1,1.1,0.9,13.225085258483887,3.9770238399505615,3.431959867477417,1.224466323852539,1.1116591691970825,73.0
Tre Mann,,,,,,,,,60,67,41,,,,,,,,,10.4,7.7,9.3,,,,,,,,,2.9,2.3,3.6,,,,,,,,,1.5,1.8,4,,,,,,,,,1.6,1.2,1.1,,,,,,,,,0.8,0.6,1.2,9.3,3.6,4,1.1,1.2,56.0
Royce O'Neale,,,,,69.0,82.0,71.0,71.0,77,76,79,,,,,5.0,5.2,6.3,7.0,7.4,8.8,7.7,,,,,3.4,3.5,5.5,6.8,4.8,5.1,4.8,,,,,1.4,1.5,2.5,2.5,2.5,3.7,2.8,,,,,0.6,0.8,1.3,1.5,1.5,2.1,2,,,,,0.5,0.7,0.8,0.8,1.1,0.9,0.7,9.797628402709961,5.199873924255371,3.9946789741516113,2.430176019668579,0.9542363882064819,77.0
Marvin Bagley III,,,,,,62.0,,43.0,48,42,50,,,,,,14.9,,14.1,11.3,12,11.7,,,,,,7.6,,7.4,7,6.4,6.2,,,,,,1.0,,1.0,0.8,0.9,1.1,,,,,,0.5,,0.9,0.5,0.5,0.2,,,,,,0.5,,0.5,0.5,0.5,0.4,9.674296379089355,5.245166778564453,0.9476376175880432,0.2973313331604004,0.44325846433639526,47.0
GG Jackson II,,,,,,,,,,,48,,,,,,,,,,,14.6,,,,,,,,,,,4.1,,,,,,,,,,,1.2,,,,,,,,,,,2.1,,,,,,,,,,,0.6,14.6,4.1,1.2,2.1,0.6,48.0
Eric Gordon,64.0,61.0,45.0,75.0,69.0,68.0,36.0,27.0,57,69,68,15.4,13.4,15.2,16.2,18.0,16.2,14.4,17.8,13.4,12.4,11,2.6,2.6,2.2,2.7,2.5,2.2,2.0,2.1,2,1.9,1.8,3.3,3.8,2.7,2.5,2.2,1.9,1.5,2.6,2.7,2.7,2,1.6,2.3,2.5,3.3,3.2,3.2,2.7,2.6,2.2,1.9,2.2,1.2,0.8,1.0,0.6,0.6,0.6,0.6,0.5,0.5,0.6,1,11.320712089538574,1.6763256788253784,2.220905303955078,1.940932035446167,0.5946614742279053,65.0
Spencer Dinwiddie,,34.0,12.0,59.0,80.0,68.0,64.0,3.0,67,79,76,,4.3,4.8,7.3,12.6,16.8,20.6,6.7,13.7,17.3,10.5,,1.4,1.4,2.8,3.2,2.4,3.5,4.3,4.2,3.4,2.7,,3.1,1.8,3.1,6.6,4.6,6.8,3.0,5.2,6.5,4.7,,0.4,0.1,0.6,1.8,1.8,1.9,0.7,1.7,2.3,1.6,,0.6,0.3,0.7,0.9,0.6,0.6,0.7,0.7,0.8,0.7,18.05858039855957,3.718710422515869,5.043328285217285,1.583556056022644,0.7451619505882263,74.0
Obi Toppin,,,,,,,,62.0,72,67,82,,,,,,,,4.1,9,7.4,10.3,,,,,,,,2.2,3.7,2.8,3.9,,,,,,,,0.5,1.1,1,1.6,,,,,,,,0.4,0.7,1.3,1.2,,,,,,,,0.3,0.3,0.3,0.6,18.861778259277344,5.599813938140869,2.518235921859741,1.7096089124679565,0.6331692934036255,74.0
Scoot Henderson,,,,,,,,,,,62,,,,,,,,,,,14,,,,,,,,,,,3.1,,,,,,,,,,,5.4,,,,,,,,,,,1.4,,,,,,,,,,,0.8,14,3.1,5.4,1.4,0.8,62.0
Andrew Wiggins,,82.0,81.0,82.0,82.0,73.0,54.0,71.0,73,37,71,,16.9,20.7,23.6,17.7,18.1,21.8,18.6,17.2,17.1,13.2,,4.6,3.6,4.0,4.4,4.8,5.1,4.9,4.5,5,4.5,,2.1,2.0,2.3,2.0,2.5,3.7,2.4,2.2,2.3,1.7,,0.5,0.7,1.3,1.4,1.6,2.1,2.0,2.2,2.4,1.3,,1.0,1.0,1.0,1.1,1.0,0.8,0.9,1,1.2,0.6,13.98204231262207,4.8776445388793945,2.0468335151672363,2.268258810043335,0.9505004286766052,60.0
Mitchell Robinson,,,,,,66.0,61.0,31.0,72,59,31,,,,,,7.3,9.7,8.3,8.5,7.4,5.6,,,,,,6.4,7.0,8.1,8.6,9.4,8.5,,,,,,0.6,0.6,0.5,0.5,0.9,0.6,,,,,,0.0,0.0,0.0,0,0,0,,,,,,0.8,0.9,1.1,0.8,0.9,1.2,5.849736213684082,10.589619636535645,0.714120626449585,0.0,0.9418140649795532,54.0
Bennedict Mathurin,,,,,,,,,,78,59,,,,,,,,,,16.7,14.5,,,,,,,,,,4.1,4,,,,,,,,,,1.5,2,,,,,,,,,,1.3,1.4,,,,,,,,,,0.6,0.6,14.5,4,2,1.4,0.6,68.0
Brandin Podziemski,,,,,,,,,,,74,,,,,,,,,,,9.2,,,,,,,,,,,5.8,,,,,,,,,,,3.7,,,,,,,,,,,1.2,,,,,,,,,,,0.8,9.2,5.8,3.7,1.2,0.8,74.0
Grant Williams,,,,,,,69.0,63.0,77,79,76,,,,,,,3.4,4.7,7.8,8.1,10.3,,,,,,,2.6,2.8,3.6,4.6,4.2,,,,,,,1.0,1.0,1,1.7,2.3,,,,,,,0.3,0.8,1.4,1.5,1.7,,,,,,,0.4,0.5,0.5,0.5,0.6,14.56799602508545,6.509515285491943,3.062939405441284,2.2622017860412598,0.5740529894828796,77.0
Kevin Huerter,,,,,,75.0,56.0,69.0,74,75,64,,,,,,9.7,12.2,11.9,12.1,15.2,10.2,,,,,,3.3,4.1,3.3,3.4,3.3,3.5,,,,,,2.9,3.8,3.5,2.7,2.9,2.6,,,,,,1.8,2.3,2.0,2.2,2.7,1.9,,,,,,0.9,0.9,1.2,0.7,1.1,0.7,15.3842134475708,3.099294662475586,2.0056469440460205,2.6274001598358154,0.7474091053009033,71.0
Dorian Finney-Smith,,,,81.0,21.0,81.0,71.0,60.0,80,66,68,,,,4.3,5.9,7.5,9.5,9.8,11,8.3,8.5,,,,2.7,3.6,4.8,5.7,5.4,4.7,4.8,4.7,,,,0.8,1.2,1.2,1.6,1.7,1.9,1.5,1.6,,,,0.7,1.0,1.0,1.6,2.0,2.2,1.7,1.7,,,,0.6,0.5,0.9,0.6,0.9,1.1,0.8,0.8,9.095587730407715,4.997592449188232,1.8366154432296753,2.0831618309020996,0.9574536681175232,71.0
Jonathan Isaac,,,,,27.0,75.0,34.0,,,11,58,,,,,5.4,9.6,11.9,,,5,6.8,,,,,3.7,5.5,6.8,,,4,4.5,,,,,0.7,1.1,1.4,,,0.5,0.5,,,,,0.6,1.1,0.9,,,0.5,0.7,,,,,1.2,0.8,1.6,,,1.3,0.7,5.475765705108643,4.372900009155273,0.46551936864852905,0.5159249901771545,1.1738965511322021,34.0
Malik Beasley,,,,22.0,62.0,81.0,55.0,37.0,79,81,79,,,,3.8,3.2,11.3,11.2,19.6,12.1,12.7,11.3,,,,0.8,1.1,2.5,2.7,4.4,2.9,3.5,3.7,,,,0.5,0.5,1.2,1.4,2.4,1.5,1.5,1.4,,,,0.4,0.5,2.0,1.9,3.5,3,2.9,2.8,,,,0.3,0.2,0.7,0.7,0.8,0.5,0.8,0.7,11.744763374328613,3.6036903858184814,1.591028094291687,2.8201217651367188,0.7112162113189697,80.0
Dillon Brooks,,,,,82.0,18.0,73.0,67.0,32,73,72,,,,,11.0,7.5,16.2,17.2,18.4,14.3,12.7,,,,,3.1,1.7,3.3,2.9,3.2,3.3,3.4,,,,,1.6,0.9,2.1,2.3,2.8,2.6,1.7,,,,,1.1,0.8,2.0,1.9,1.4,2,1.8,,,,,0.9,0.6,0.9,1.2,1.1,0.9,0.9,11.928091049194336,3.9075794219970703,2.6543636322021484,1.8449664115905762,1.0285685062408447,59.0
Jaden McDaniels,,,,,,,,63.0,70,79,72,,,,,,,,6.8,9.2,12.1,10.5,,,,,,,,3.7,4.2,3.9,3.1,,,,,,,,1.1,1.1,1.9,1.4,,,,,,,,1.1,1.1,1.4,1.2,,,,,,,,0.6,0.7,0.9,0.9,15.81429386138916,3.0669076442718506,1.623953938484192,1.2719950675964355,0.9985744953155518,74.0
Brandon Clarke,,,,,,,58.0,59.0,64,56,6,,,,,,,12.1,10.3,10.4,10,11.3,,,,,,,5.9,5.6,5.3,5.5,5.3,,,,,,,1.4,1.6,1.3,1.3,1.5,,,,,,,0.4,0.3,0.1,0,0.2,,,,,,,0.6,1.0,0.6,0.6,0.8,9.859283447265625,4.919363021850586,1.278921365737915,0.34189823269844055,0.616140604019165,42.0
Corey Kispert,,,,,,,,,77,74,80,,,,,,,,,8.2,11.1,13.4,,,,,,,,,2.7,2.8,2.8,,,,,,,,,1.1,1.2,2,,,,,,,,,1.5,2.2,2.3,,,,,,,,,0.5,0.4,0.5,13.4,2.8,2,2.3,0.5,77.0
Dyson Daniels,,,,,,,,,,59,61,,,,,,,,,,3.8,5.8,,,,,,,,,,3.2,3.9,,,,,,,,,,2.3,2.7,,,,,,,,,,0.5,0.7,,,,,,,,,,0.7,1.4,5.8,3.9,2.7,0.7,1.4,60.0
Simone Fontecchio,,,,,,,,,,52,66,,,,,,,,,,6.3,10.5,,,,,,,,,,1.7,3.7,,,,,,,,,,0.8,1.5,,,,,,,,,,1.2,2,,,,,,,,,,0.3,0.7,10.5,3.7,1.5,2,0.7,59.0
Tim Hardaway Jr.,81.0,70.0,51.0,79.0,57.0,65.0,71.0,70.0,42,71,79,10.2,11.5,6.4,14.5,17.5,18.1,15.8,16.6,14.2,14.4,14.4,1.5,2.2,1.7,2.8,3.9,3.4,3.3,3.3,3.7,3.5,3.2,0.8,1.8,1.0,2.3,2.7,2.4,1.9,1.8,2.2,1.8,1.8,1.6,1.7,0.9,1.9,2.3,2.5,2.9,3.0,2.4,3,2.7,0.5,0.3,0.4,0.7,1.1,0.8,0.6,0.4,0.9,0.7,0.5,15.54918384552002,3.640015125274658,2.0789995193481445,2.89296293258667,0.6989839673042297,64.0
Keyonte George,,,,,,,,,,,75,,,,,,,,,,,13,,,,,,,,,,,2.8,,,,,,,,,,,4.4,,,,,,,,,,,2,,,,,,,,,,,0.5,13,2.8,4.4,2,0.5,75.0
John Konchar,,,,,,,19.0,43.0,72,72,55,,,,,,,2.8,4.3,4.8,5.1,4.3,,,,,,,2.5,3.0,4.6,4.3,4.7,,,,,,,1.2,1.1,1.5,1.4,2,,,,,,,0.3,0.5,0.7,0.8,0.7,,,,,,,0.4,0.7,0.6,1.1,0.9,5.40270471572876,7.03367805480957,2.209214687347412,0.8579351305961609,1.1113450527191162,66.0
Andre Drummond,81.0,82.0,81.0,81.0,78.0,79.0,57.0,46.0,73,67,79,13.5,13.8,16.2,13.6,15.0,17.3,17.7,14.9,7.9,6,8.4,13.2,13.5,14.8,13.8,16.0,15.6,15.2,12.0,9.3,6.6,9,0.4,0.7,0.8,1.1,3.0,1.4,2.7,2.0,1.8,0.5,0.5,0.0,0.0,0.0,0.0,0.0,0.1,0.1,0.0,0,0,0,1.2,0.9,1.5,1.5,1.5,1.7,1.9,1.4,1.1,0.7,0.9,6.588376998901367,9.144848823547363,1.0890047550201416,0.03641084209084511,0.9777894020080566,73.0
