Player,Forecasted G,Forecasted PTS,Forecasted TRB,Forecasted AST,Forecasted 3P,Forecasted STL,Average Games Played,PTS Z-Score,TRB Z-Score,AST Z-Score,3P Z-Score,STL Z-Score,Total PCA,Total MLR,Total Yahoo
Tyrese Maxey,68.0,50.40829086303711,6.3440842628479,12.287548065185549,7.789825439453125,1.2631016969680786,0.8292682926829268,4.259317434475635,0.03031798511493063,2.746384122076022,4.869168564442502,0.7921184285800248,43.710395107131696,0.17629518843788153,88.05409309177863
Jalen Brunson,75.0,38.98443984985352,4.4502739906311035,10.953702926635742,3.986546039581299,1.097801923751831,0.9146341463414634,2.7941473072119445,-0.5242430498647539,2.292305900764493,1.7460773291591172,0.32909395644623235,37.40718466977459,0.12876093115981396,74.27332881165715
Nick Richards,61.0,38.17949295043945,33.18145751953125,1.0726308822631836,0.0,0.4607869982719421,0.7439024390243902,2.690908552636629,7.889057431036932,-1.0714876078566937,-1.527504673701264,-1.455261181330093,30.156995436261933,0.11433373323243616,72.8061166835122
Tre Jones,71.0,28.207983016967773,10.88607120513916,18.634777069091797,1.0341382026672363,1.5581169128417969,0.8658536585365854,1.4120089537732186,1.3603398022597206,4.9071585426240025,-0.6783143783654542,1.6184913989933845,28.334315070999462,0.09794579763708644,71.37521803419764
Desmond Bane,59.0,42.784305572509766,6.41493558883667,12.071632385253906,5.233219623565674,1.2381350994110107,0.7195121951219512,3.2815004544145925,0.05106525069186859,2.6728803808521917,2.769792637461773,0.7221839971533401,32.46502856677299,0.12204194207620646,66.39360404625171
Luka Doncic,67.0,34.80679702758789,9.671045303344728,9.522929191589355,4.106545925140381,1.623707890510559,0.8170731707317073,2.2583422220005436,1.004545966144595,1.805230472041583,1.8446161298681076,1.8022195870053985,30.311643945886928,0.13229934452821734,66.15647130198595
Devin Vassell,59.0,44.30584716796875,5.215865612030029,10.509384155273438,4.751791000366211,1.3288615942001345,0.7195121951219512,3.47664631989226,-0.3000562407828777,2.1410473539028434,2.3744639341381464,0.9763197805299275,33.147100926946834,0.11915759932946834,64.84755362365304
Nikola Jokic,74.0,27.05521583557129,13.810506820678713,9.333556175231934,1.084550857543945,1.5627115964889526,0.9024390243902439,1.264160383626171,2.2166969915079844,1.7407625964638618,-0.6369176509522325,1.6313616584556458,26.875582676374272,0.11075505542394055,64.61184915972919
Anthony Edwards,77.0,30.120460510253903,6.275434494018555,7.813071727752685,2.6329152584075928,1.497441053390503,0.9390243902439024,1.6572944436656585,0.010215397537055321,1.2231471301033043,0.6345333209445556,1.4485310460717502,29.784056993488257,0.11814245762168506,61.70916052640938
Tyrese Haliburton,67.0,26.202316284179688,4.851349830627441,19.166414260864254,3.305864095687866,1.2836692333221436,0.8170731707317073,1.1547714443960078,-0.4067967374242997,5.088142723955245,1.1871302759763092,0.849730562451346,24.880383208215015,0.09448693641697814,61.317962463977835
Jayson Tatum,75.0,27.203222274780273,10.103094100952148,5.861357688903809,3.680720567703247,0.9678919315338136,0.9146341463414634,1.283143002807865,1.1310620337137283,0.5587290401346494,1.4949464627860243,-0.03479949846469213,26.458406595305398,0.12111055665662229,59.0753271499785
Joel Embiid,58.0,39.4488639831543,10.686694145202637,7.494312286376953,1.352894902229309,1.2377269268035889,0.7073170731707317,2.853712191742331,1.3019565785906562,1.114632493746406,-0.4165649379683806,0.7210406567699039,29.003087014261205,0.09189345440980833,57.999249518295606
Giannis Antetokounmpo,68.0,30.61905860900879,11.920796394348145,6.597339630126953,0.8838716149330139,0.9304292798042296,0.8292682926829268,1.7212423224469091,1.663336506980095,0.80927789406784,-0.8017069072247611,-0.13973687499170206,26.844439330323734,0.08889183553223946,57.40198863817424
Domantas Sabonis,74.0,19.230121612548828,12.82344913482666,8.706024169921875,0.3581478595733642,0.9729587435722352,0.9024390243902439,0.26055010497626513,1.927658675536645,1.5271331363774738,-1.233408888572574,-0.02060675080482587,19.786427932389593,0.07768996070378281,51.486582737317896
LeBron James,61.0,31.1895809173584,8.275184631347656,7.424022674560547,2.7399377822875977,1.0629446506500244,0.7439024390243902,1.7944148666412176,0.5957986115091043,1.0907039423817606,0.722415664355564,0.23145455765000303,24.453791315135113,0.09224814180364788,51.23283839528153
Dejounte Murray,73.0,23.64048194885254,6.024288654327393,7.0840277671813965,3.8999931812286377,1.7454267740249634,0.8902439024390244,0.8262024587896609,-0.06332718422692668,0.9749601589875703,1.6750038042114024,2.1431687649225526,22.58639471969861,0.1216696864579417,50.98035670568304
Trae Young,68.0,25.6839542388916,2.3420469760894775,11.865148544311523,2.8484017848968506,1.1879842281341553,0.8292682926829268,1.0882887335319629,-1.1415913514915048,2.602587501630374,0.8114816887723155,0.5817053972847389,23.197944091751094,0.08547890074854095,49.8390022206888
Shai Gilgeous-Alexander,66.0,29.69105339050293,5.265474796295166,6.647099494934082,1.1433886289596558,2.527036666870117,0.8048780487804879,1.602220678823365,-0.28552927312715326,0.8262175448948386,-0.588602576277938,4.332551732651908,24.812901094484854,0.10348856547984012,49.52327043222218
Mikal Bridges,82.0,22.083206176757812,4.873570919036865,5.141789436340332,2.762983560562134,0.9876447319984436,1.0,0.6264734936139467,-0.4002897763165851,0.3137678652627975,0.7413398770079171,0.02053046255306725,23.209527254877194,0.10071736522399485,48.60452749252318
Stephen Curry,65.0,27.513017654418945,5.804121017456055,5.450124740600586,5.06301212310791,0.8373703956604004,0.7926829268292683,1.3228759208306118,-0.12779847491724527,0.41873383355973653,2.6300254794462328,-0.40040596043374455,22.818535972941692,0.10760409381895616,47.87555352594794
Immanuel Quickley,76.0,19.17729759216309,6.344247817993164,8.78732967376709,2.8314976692199707,0.8085266351699829,0.926829268292683,0.25377514121125855,0.030365878672149276,1.5548118057386056,0.7976007481523708,-0.4812007898250553,19.83594987294559,0.08857637679036066,47.75298797560902
Miles Bridges,74.0,21.560312271118164,9.291607856750488,4.487422943115234,2.841681480407715,1.015274167060852,0.9024390243902439,0.5594095473678595,0.8934359852873033,0.09100319435612313,0.8059632606365433,0.09792382091170482,20.775397247152632,0.10207030372127723,47.678176313144405
Donovan Mitchell,63.0,28.374942779541016,4.791961669921875,6.181976795196533,4.154775619506836,1.8257935047149656,0.7682926829268293,1.4334224382711385,-0.4241872650550679,0.6678767584838557,1.884220302982854,2.368285607679354,22.75822103940217,0.11212862996930988,47.12081386362634
Paolo Banchero,76.0,22.6,6.9,5.4,1.5,0.9,0.926829268292683,0.6927550715945259,0.19310578444167908,0.40166996879927297,-0.2957684901637221,-0.22497293396882354,22.13549208146341,0.08273523214634147,46.954097560975605
Nikola Vucevic,77.0,19.286808013916016,11.18655490875244,3.3270199298858643,1.660045504570007,0.8422127366065979,0.9390243902439024,0.2678204398055126,1.4483299014343611,-0.3040304726140969,-0.16434593083612153,-0.38684198320086727,19.408291459213995,0.09068152805144152,45.88846672053743
Jordan Poole,79.0,17.443986892700195,4.066621780395508,9.02303695678711,3.2917661666870117,1.2092465162277222,0.9634146341463414,0.03146875300742345,-0.6365872323321197,1.635053162647751,1.1755536564674454,0.6412636140283342,18.868549806697644,0.0980935188888875,45.79436419109019
Anfernee Simons,55.0,31.827489852905273,3.9973607063293457,9.102065086364746,4.255002021789551,0.6757732629776001,0.6707317073170732,1.8762301069834841,-0.6568688273162757,1.6619565500613793,1.9665219604744604,-0.8530588927575108,22.494890646483828,0.08242722368665549,45.58961144802046
De'Aaron Fox,69.0,26.018510818481445,5.052783966064453,4.863613605499268,2.498232126235962,1.3413782119750977,0.8414634146341463,1.1311974081749414,-0.3478111440589052,0.21906902592264818,0.523937262805911,1.0113803267447792,22.672132335601002,0.09440166890463972,45.405941002572455
Victor Wembanyama,71.0,21.4,10.6,3.9,1.8,1.2,0.8658536585365854,0.5388486392813423,1.276570088932441,-0.10897201825165531,-0.04942125345621362,0.6153630140933501,19.734120843134143,0.09353371071951219,45.3854512195122
DeMar DeRozan,76.0,23.97435760498047,4.766214370727539,5.507658004760742,0.3795858025550842,0.9963341355323792,0.926829268292683,0.8690238013487216,-0.4317268000859075,0.438319767114582,-1.2158049618584412,0.04487052307568236,23.103824176350027,0.06898841924805711,45.10797238341192
Jaylen Brown,68.0,24.624248504638672,7.111401557922363,4.140138149261475,2.5949130058288574,1.218430757522583,0.8292682926829268,0.9523757928147207,0.2550101200964403,-0.0272222704479141,0.6033274879064482,0.6669897744141631,21.27327344136103,0.09449546252175785,44.50600201350886
Julius Randle,65.0,23.14956283569336,10.467214584350586,4.907781600952148,2.328449010848999,0.6496357917785645,0.7926829268292683,0.7632394510724265,1.2376867759559251,0.2341050478973918,0.38451859175534314,-0.9262730815574755,19.60438412600658,0.08223719508422571,44.46262975102517
Pascal Siakam,73.0,23.141538619995117,6.887217044830322,4.172444820404053,1.3250224590301514,1.062848687171936,0.8902439024390244,0.7622103023972366,0.18936257481134075,-0.016224175283082787,-0.43945260250971224,0.23118575244887388,21.463825070561203,0.0819866232433993,44.18684191369429
Kevin Durant,59.0,29.5827693939209,6.53699254989624,6.138812065124512,1.9022427797317505,0.774009644985199,0.7195121951219512,1.5883326758312373,0.08680696972502085,0.6531822761275264,0.03453616741115694,-0.5778870153956659,22.14646434750097,0.07244391646681363,44.045404475069624
Kyle Kuzma,67.0,19.901535034179688,9.46961784362793,6.965636253356934,2.6611268520355225,0.5635796785354614,0.8170731707317073,0.3466624752515923,0.94556232761827,0.9346563737413761,0.6576994813890744,-1.167326566586438,17.969238290272255,0.07975480177698432,43.732294838864625
Devin Booker,63.0,26.949979782104492,5.336724758148193,5.870179653167725,2.4514496326446533,1.0158071517944336,0.7682926829268293,1.2506632956763426,-0.264665275731455,0.5617322837089282,0.485521469397559,0.09941677501636119,21.58656343758518,0.08138326019687411,43.48481801495319
Scottie Barnes,70.0,19.9,8.2,6.1,1.7,1.3,0.8536585365853658,0.34646559888986334,0.5737824319654601,0.6399695627563725,-0.13153699902538316,0.8954749967807417,18.43385624756097,0.08529747134146341,42.95780487804878
CJ McCollum,68.0,22.35404586791992,4.868716239929199,5.8371195793151855,3.3571131229400635,0.9620176553726196,0.8292682926829268,0.6612101357769167,-0.4017113632146697,0.5504777091728543,1.2292137968013979,-0.0512540498883453,19.632615236124874,0.08915630355714302,42.0052938948608
Fred VanVleet,69.0,18.615102767944336,4.515399932861328,8.661053657531738,2.89293909072876,1.8080798387527464,0.8414634146341463,0.18167064149422063,-0.5051723380531928,1.511823915173742,0.8480538295126093,2.31866750674596,17.379533232370378,0.09578093319280573,41.59070513178662
Tyler Herro,58.0,24.60754013061523,6.020493507385254,5.95224142074585,4.565109729766846,0.8163561224937439,0.7073170731707317,0.950232854284969,-0.06443851023830628,0.5896684064135984,2.221169216947479,-0.4592694576482105,18.44986463282899,0.08854530641722047,40.133004804180885
Jaren Jackson Jr.,69.0,23.42437744140625,7.429380416870117,1.496857523918152,1.5642849206924438,1.1048365831375122,0.8414634146341463,0.7984858973331141,0.34812329394849284,-0.9270689843536036,-0.2429804482485725,0.3487988803267685,20.06235742296965,0.08304453509341857,39.801291380481025
Franz Wagner,77.0,19.7,5.3,3.7,1.3,1.1,0.9390243902439024,0.32081452683766626,-0.27541932020297494,-0.17705761652511232,-0.459999981302061,0.33525103140595924,19.263713074609754,0.07839733214634147,39.59678048780487
Bam Adebayo,67.0,19.413103103637695,10.806883811950684,4.09061861038208,0.0491280443966388,1.2809938192367554,0.8170731707317073,0.2840184620369602,1.3371515012096153,-0.044080107602060575,-1.4871628137614115,0.8422364070116675,17.002987885184343,0.07032197213509347,39.34467457165669
Jalen Green,75.0,19.6,5.2,3.5,2.5,0.8,0.9146341463414634,0.3079889908115679,-0.3047021392432657,-0.24514321479856946,0.5253889655279727,-0.5050849166562148,18.70336001890244,0.08306142073170732,39.0969512195122
Chet Holmgren,82.0,16.5,7.9,2.4,1.6,0.6,1.0,-0.08960262599748882,0.4859339748445878,-0.6196140053025835,-0.21365274459455252,-1.0653088820309975,17.417673729,0.077875355,39.087999999999994
Damian Lillard,53.0,27.687484741210938,4.4464287757873535,7.645427703857422,3.659312009811402,0.8211864829063416,0.6463414634146342,1.3452522599008034,-0.5253690371691596,1.1660764117839109,1.4773666658575284,-0.4457390393255363,18.88136579516487,0.07391188292114562,38.92440833929108
Jamal Murray,62.0,20.80012321472168,4.24639892578125,8.003061294555664,3.495065212249756,1.217690110206604,0.7560975609756098,0.4619112260732694,-0.5839434161730122,1.2878248967107833,1.3424941834662982,0.6649151325326533,17.104345095115637,0.08346525448292044,38.72751048599802
Anthony Davis,57.0,25.39499282836914,10.747236251831056,3.1250274181365967,0.7820709943771362,1.1098228693008425,0.6951219512195121,1.051227883723882,1.3196850141178362,-0.37279437766013285,-0.8853012457882612,0.36276606536134004,18.354620535329502,0.06971429924035374,38.69891806426572
Alperen Sengun,63.0,21.1,9.3,5.0,0.5,1.2,0.7682926829268293,0.5003720312030469,0.89589344140866,0.2654987722523587,-1.1169259458554168,0.6153630140933501,17.303512142853656,0.06765534351219513,38.61823170731707
Jrue Holiday,68.0,18.595415115356445,5.360535621643066,6.487978458404541,2.4998960494995117,1.2186051607131958,0.8292682926829268,0.17914559451886758,-0.2576927836623206,0.7720482900448065,0.5253036057994738,0.6674782986492587,16.741315930537606,0.08155229284899136,38.36765071496731
D'Angelo Russell,71.0,19.46785545349121,2.782313346862793,6.143085479736328,2.9374730587005615,0.9512500762939452,0.8658536585365854,0.2910407443925584,-1.0126689468426988,0.6546370660801067,0.8846232293441891,-0.08141532913305298,17.933406243939505,0.07992308025511297,37.97715567225364
Malik Monk,75.0,15.154401779174805,2.8517000675201416,9.106096267700195,2.5419576168060303,0.7313256859779358,0.9146341463414634,-0.26218281057596604,-0.9923505589946153,1.6633288770262438,0.5598427753912996,-0.6974498992603841,15.739163956039787,0.06865394928125183,37.8977066569212
Max Strus,73.0,8.215231895446777,10.312320709228516,9.1137056350708,2.802147150039673,1.1241806745529177,0.8902439024390244,-1.1521685439256883,1.192329482799435,1.6659193186757946,0.7734993504990471,0.40298399832332227,10.075231945158873,0.08539592210542053,37.69653450724556
Jarrett Allen,67.0,19.06045150756836,11.854251861572266,2.3831253051757812,-0.0418824106454849,0.9055120944976808,0.8170731707317073,0.23878900453647578,1.6438503918661271,-0.6253586237665282,-1.5618967274651452,-0.20953289678376738,16.484826452324462,0.06458156064762369,37.64504148336263
Tobias Harris,72.0,19.8000431060791,6.061038494110107,3.2764675617218018,1.6399034261703491,0.7642813324928284,0.8780487804878049,0.33364559144946954,-0.05256579514575747,-0.3212399137670482,-0.18088574868712734,-0.6051371844000704,18.101312283191568,0.07211897970327022,37.51628167373378
Terry Rozier,66.0,20.338638305664062,4.2917938232421875,5.404355525970459,2.890366792678833,1.2621049880981443,0.8048780487804879,0.40272331280707635,-0.5706505104960002,0.4031527117567443,0.8459415677906504,0.7893265276028307,17.33594487299484,0.08399018343002627,37.25457495462604
Kawhi Leonard,60.0,23.69928550720215,6.114651679992676,4.155289173126221,2.1737027168273926,1.3568235635757446,0.7317073170731707,0.833744330350418,-0.03686634294203021,-0.022064437826480782,0.2574475186788419,1.0546446073463902,18.022001519449084,0.07905714535669554,37.14189409279242
Tyus Jones,73.0,15.252802848815918,3.327913522720337,8.025236129760742,2.8847336769104004,0.9731772541999816,0.8902439024390244,-0.24956234593907867,-0.8529018346628255,1.2953738313185486,0.8413158927786275,-0.019994676353062877,15.251726361735505,0.07703816909441277,36.827473095946196
RJ Barrett,67.0,22.522815704345703,5.004405975341797,3.3213796615600586,1.63137686252594,0.4554253220558166,0.8170731707317073,0.6828557719488934,-0.3619775835375493,-0.3059505778310234,-0.18788739999516368,-1.4702798788843603,18.905783135843183,0.062359376716641116,36.60916415090968
Jalen Williams,73.0,19.1,4.0,4.5,1.5,1.1,0.8902439024390244,0.24386131068107492,-0.6560959677267562,0.09528477656871598,-0.2957684901637221,0.33525103140595924,17.804316812317076,0.07245897830487806,36.52136585365854
Ja Morant,42.0,32.23601150512695,8.341492652893066,8.3300199508667,1.9207587242126465,1.0352452993392944,0.5121951219512195,1.9286251986635887,0.6152154694674438,1.3991307753388955,0.04974067327081817,0.15386535550197136,17.432699808007932,0.05883700666829781,36.18063480307416
Paul George,54.0,23.88970375061035,6.225940227508545,5.416567325592041,3.1379494667053223,1.8375955820083616,0.6585365853658537,0.8581664907590011,-0.0042779189603901245,0.4073099501728992,1.0492459264675886,2.401344640384184,16.590158087261173,0.08626241241228498,36.01547261552113
Karl-Anthony Towns,55.0,25.471664428710938,6.9091691970825195,3.951918363571167,2.4302542209625244,0.8448472023010254,0.6707317073170732,1.0610614274475054,0.1957907838308008,-0.09129755402604646,0.46811669906832404,-0.3794625291109873,17.700760054359783,0.06987220062978124,36.00102617537104
Derrick White,77.0,13.81932258605957,4.565162658691406,6.49608039855957,2.3810267448425293,0.9431381821632384,0.9390243902439024,-0.4334138734659069,-0.490600409098855,0.7748064172579611,0.42769319002750517,-0.10413771661607789,14.543994411055293,0.07628737552303012,35.85904383458742
Obi Toppin,74.0,18.861778259277344,5.599813938140869,2.518235921859741,1.7096089124679563,0.6331692934036255,0.9024390243902439,0.21330809550269125,-0.18762534723961458,-0.5793631879164124,-0.12364656891123191,-0.9723977166347041,17.590160176506362,0.07003125634837594,35.82414009917073
Spencer Dinwiddie,74.0,18.05858039855957,3.718710422515869,5.043328285217285,1.583556056022644,0.7451619505882263,0.9024390243902439,0.11029366451547999,-0.738465485680633,0.28024893335826795,-0.22715581179253497,-0.6586928641306254,17.23064242012344,0.06474354083630252,35.80735390590458
Zion Williamson,50.0,25.530925750732425,6.123578071594238,9.697771072387695,0.0944607704877853,1.3024098873138428,0.6097560975609756,1.0686620096529138,-0.03425244384251693,1.8647515423286403,-1.449937507744837,0.9022253799160785,16.778204355962405,0.05029189319947589,35.66717588910606
Deni Avdija,78.0,14.7,7.2,3.8,1.2,0.8,0.9512195121951219,-0.32046227446726366,0.28095424156255167,-0.14301481738838387,-0.5421157268712306,-0.5050849166562148,15.126595580707317,0.06907423170731707,35.583219512195114
Kyrie Irving,49.0,27.831064224243164,5.203001976013184,5.392302989959717,3.774250745773315,1.238777756690979,0.5975609756097561,1.3636670982231878,-0.3038230760396923,0.39904969113172545,1.5717494658404325,0.7239841572021442,17.284010255800165,0.07666249342990734,35.168392956460394
Saddiq Bey,74.0,16.546768188476562,8.038064002990723,1.7282452583312988,1.6170083284378052,0.8627162575721741,0.9024390243902439,-0.0836043551356736,0.5263630070001427,-0.848298122700309,-0.19968622888899581,-0.32940916410346693,15.636006402593239,0.07651465568725863,34.93388410187349
James Harden,65.0,13.415346145629885,6.62772274017334,7.987463474273682,3.2503843307495117,1.1052595376968384,0.7926829268292683,-0.48522601737016696,0.11337532715877552,1.28251496208248,1.1415726533571569,0.34998362672876376,12.463905641193085,0.07905736479705668,34.61774322695849
Caris LeVert,67.0,20.245101928710938,3.696247100830078,4.5627312660217285,1.6669079065322876,0.9740256071090698,0.8170731707317073,0.3907267710834459,-0.7450433795203216,0.11664025545641986,-0.1587108183008416,-0.01761833819922963,17.238658846569496,0.06655530591760417,34.60875146675401
Jordan Clarkson,65.0,19.968780517578125,3.771900415420532,5.4590067863464355,2.2338149547576904,0.6198224425315857,0.7926829268292683,0.35528706895078305,-0.7228899563108171,0.4217575305522285,0.30680913103361906,-1.009783845238704,16.713599013097788,0.06314294502014384,34.580137649978084
Onyeka Okongwu,61.0,18.636045455932617,12.770730018615724,1.9007928371429443,0.4228681027889251,0.5236164927482605,0.7439024390243902,0.18435665348699107,1.912221032136956,-0.7895580970301722,-1.1802633783219363,-1.2792682386400123,14.715856213697805,0.05784810615977173,34.31423519095633
Josh Hart,70.0,13.855032920837402,8.518360137939453,5.2732977867126465,0.822212278842926,1.164425253868103,0.8536585365853658,-0.4288338316139356,0.6670072550546907,0.3585369888280697,-0.8523389307681367,0.5157138873672876,13.26475099144095,0.0666175964963383,34.138844537516924
Grant Williams,77.0,14.56799602508545,6.509515285491943,3.062939405441284,2.26220178604126,0.5740529894828796,0.9390243902439024,-0.33739249182581144,0.07876085211228834,-0.3939308751099846,0.33011918918558464,-1.1379895676386094,14.659182865720952,0.07379391369356877,34.11790991620319
Jonas Valanciunas,78.0,13.283419609069824,9.722001075744627,2.5055782794952393,0.5957583785057068,0.4511787891387939,0.9512195121951219,-0.5021463028446617,1.0194672527670399,-0.5836722036820052,-1.0382932394005082,-1.4821749264337054,13.747362041116999,0.05898397189845089,34.014407447009546
Daniel Gafford,75.0,14.37639331817627,10.032122611999512,2.4255056381225586,0.0,0.7363402843475342,0.9146341463414634,-0.3619665660274284,1.1102795810335278,-0.61093117214798,-1.527504673701264,-0.6834034083434924,14.157163560992696,0.0583782622145538,33.983505964279175
Brandon Ingram,55.0,22.883071899414062,5.963015556335449,5.9469218254089355,1.6478863954544067,0.7304584980010986,0.6707317073170732,0.7290605600336378,-0.08126967463228756,0.587857467258166,-0.17433047394096562,-0.6998789966959293,16.227503805388057,0.05700761486471826,33.93228443693825
Bobby Portis,75.0,13.821632385253906,10.244100570678713,1.3420964479446411,1.6109813451766968,0.6879773139953613,0.9146341463414634,-0.43311762933810677,1.1723527030788607,-0.9797539865891057,-0.204635331129184,-0.8188738834834791,13.57020476515813,0.07532145984530596,33.899176979210324
Kristaps Porzingis,58.0,21.271543502807617,8.370951652526855,3.226309299468994,1.8115135431289673,0.740329384803772,0.7073170731707317,0.5223734049560691,0.6238418950212862,-0.338315190236245,-0.03996682167443429,-0.6722294599641331,15.756733797977486,0.06497937720201387,33.86139522258828
Aaron Nesmith,66.0,21.15755271911621,4.274056911468506,2.0832760334014893,2.4190592765808105,1.1360180377960205,0.8048780487804879,0.5077534759272957,-0.5758443782740235,-0.7274357090695937,0.45892388702322584,0.436141871201486,17.325844679211205,0.0789034788683196,33.79227348019437
Zach LaVine,56.0,23.23065185546875,5.1725640296936035,4.526538372039795,2.6790847778320312,0.8168708086013794,0.6829268292682927,0.7736395525169295,-0.3127361647800358,0.1043191812563811,0.6724457660456358,-0.4578277601874961,16.5255217729533,0.06725683084445244,33.741977973565824
Clint Capela,71.0,14.638872146606444,12.42517375946045,1.143343806266785,0.0,0.7090674042701721,0.8658536585365854,-0.3283022493262349,1.8110324180861181,-1.0474149491744402,-1.527504673701264,-0.7597980134641459,13.581741375494344,0.06077071989885046,33.58559964370436
Jimmy Butler,60.0,20.19807243347168,5.665792465209961,5.653817653656006,0.7339794039726257,1.5125718116760254,0.7317073170731707,0.38469498622864257,-0.1683049745525231,0.48807660280694426,-0.9247920138049962,1.4909141131009638,15.690771059333615,0.06377611875494094,33.56204709003611
Rudy Gobert,71.0,14.411578178405762,12.449541091918944,1.1784721612930298,0.0,0.7441352605819702,0.8658536585365854,-0.3574539191029624,1.8181678599548852,-1.0354562738328188,-1.527504673701264,-0.6615687458632028,13.401385727295658,0.061215242131754444,33.41954757113282
Brandon Miller,74.0,17.3,4.3,2.4,2.5,0.9,0.9024390243902439,0.01300166221130006,-0.5682475106058836,-0.6196140053025835,0.5253889655279727,-0.22497293396882354,16.139619977634148,0.07912009339024391,33.36046341463415
Keegan Murray,78.0,15.2,5.5,1.7,2.4,1.0,0.9512195121951219,-0.2563345943367707,-0.21685368212239317,-0.8579135992596831,0.4432732199588031,0.0551390487185677,15.044736095048778,0.08455685882926829,32.94548780487804
Buddy Hield,82.0,13.311806678771973,4.145153999328613,2.9271535873413086,3.1368825435638428,1.0317484140396118,1.0,-0.49850550899325885,-0.6135907847736134,-0.4401561684219229,1.0483698145753126,0.14407016075672646,14.191596028739216,0.09180951080865263,32.941473662853234
Cam Thomas,63.0,22.5,3.2,2.9,2.2,0.7,0.7682926829268293,0.6799295355684271,-0.8903585200490831,-0.4494000096189407,0.27904172882046435,-0.7851968993436064,17.575732431548783,0.06478776943902441,32.89598780487805
Bradley Beal,48.0,27.361740112304688,4.532325267791748,6.5229315757751465,1.754919409751892,0.937174379825592,0.5853658536585366,1.3034737651673511,-0.5002161228535549,0.7839473095833066,-0.08643951624542977,-0.12084304158761613,16.687164844322844,0.055018405682554124,32.83564734412403
Jabari Smith Jr.,77.0,13.7,8.1,1.6,1.8,0.7,0.9390243902439024,-0.44871763472824966,0.5444996129251694,-0.8919563983964117,-0.04942125345621362,-0.7851968993436064,13.68114358117073,0.07431028107317074,32.6010487804878
Austin Reaves,69.0,15.9,4.3,5.5,1.9,0.8,0.8414634146341463,-0.16655584215408037,-0.5682475106058836,0.4357127679360014,0.03269449211295574,-0.5050849166562148,14.474159142402437,0.0630363931097561,32.4400975609756
Ivica Zubac,73.0,13.970012664794922,11.011796951293944,1.4886208772659302,0.0,0.3562426269054413,0.8902439024390244,-0.41408706312994803,1.3971558449932813,-0.9298729694290215,-1.527504673701264,-1.7481024927528677,13.326527763045,0.05099916668060223,32.143280232592325
Evan Mobley,66.0,15.7,9.4,3.2,0.4,0.9,0.8048780487804879,-0.1922069142062777,0.9251762604489508,-0.347271612208755,-1.1990416914245863,-0.22497293396882354,13.601731082634144,0.05842092139024391,32.141999999999996
Keldon Johnson,69.0,15.592731475830078,5.498289108276367,3.770330667495727,2.3640663623809814,0.7245457768440247,0.8414634146341463,-0.20596467741835522,-0.2173546794497999,-0.15311508865802156,0.41376604551782253,-0.7164412371597861,14.023768202311372,0.06900764295081135,31.748571352871448
Jaden Ivey,76.0,15.4,3.4,3.8,1.6,0.7,0.926829268292683,-0.23068352228457337,-0.8317928819685014,-0.14301481738838387,-0.21365274459455252,-0.7851968993436064,15.024329914000003,0.06159411009756099,31.336097560975606
Klay Thompson,59.0,19.86870765686035,4.09043550491333,2.6141955852508545,4.655384540557861,0.5785197615623474,0.7195121951219512,0.3424521881470775,-0.6296139024748124,-0.5466958324558949,2.2952990508896782,-1.1254776038046852,14.784916445968873,0.07896556691380929,30.809227560671363
Aaron Gordon,72.0,13.547985076904297,7.213335037231445,3.2608437538146973,1.2381469011306765,0.7321235537528992,0.8780487804878049,-0.46821436345493506,0.28485911638399114,-0.32655869531037207,-0.5107911145962415,-0.6952149760167105,12.881547315228136,0.06144563408620399,30.76992760227948
Darius Garland,65.0,16.407026290893555,3.3477602005004883,4.59746789932251,2.936731338500977,1.3921602964401243,0.7926829268292683,-0.10152700255373608,-0.8470901679229542,0.12846557775786677,0.8840141602722632,1.1536270303897511,13.845612574843024,0.0790901000522831,30.679444939915726
LaMelo Ball,44.0,23.9,5.1,8.0,3.2,1.8,0.5365853658536586,0.8594870399338073,-0.33398495828355673,1.286782746354215,1.100199184512159,2.2960349102176982,13.781474661121951,0.06821678814634147,30.54029268292683
Isaiah Hartenstein,75.0,7.647752285003662,12.927817344665527,2.8370070457458496,0.0506277233362197,1.493969202041626,0.9146341463414634,-1.224950845803834,1.9582206295593514,-0.47084457450597245,-1.485931341219031,1.438805974422452,8.59343091277852,0.07224141315687072,30.325167996899747
Jalen Duren,64.0,13.8,11.6,2.4,0.0,0.5,0.7804878048780488,-0.4358920987021509,1.5693982793353496,-0.6196140053025835,-1.527504673701264,-1.3454208647183887,11.76810046985366,0.048038275902439025,29.727219512195123
Dennis Schroder,70.0,14.93571949005127,2.926769256591797,4.974769115447998,1.4155033826828003,0.8359898924827576,0.8536585365853658,-0.29022998635020214,-0.9703681842037487,0.2569094729039008,-0.36515351745446856,-0.40427291525570225,13.633749534473381,0.055514394588153174,29.145041918318444
Josh Giddey,70.0,12.3,6.4,4.8,1.0,0.6,0.8536585365853658,-0.6282751390936299,0.04669168924022475,0.19741317397890154,-0.7063472180095695,-1.0653088820309975,11.709638381341463,0.05082348463414634,29.01414634146341
Nic Claxton,65.0,9.07745361328125,14.375886917114258,3.030978202819824,3.5533848858904098e-06,0.7639183402061462,0.7926829268292683,-1.0415839868799819,2.382256222037027,-0.40481136312009103,-1.5275017558127721,-0.606153969291298,8.687424235107793,0.053413766882909934,28.834133083421765
Myles Turner,60.0,17.949825286865234,7.878641605377197,1.2116039991378784,1.5447649955749512,0.6422173976898193,0.7317073170731707,0.09634523848489916,0.47967963479728115,-1.0241772688249902,-0.2590093802933452,-0.9470528923230236,13.563518700843609,0.059066373415666965,28.804673961604514
Jerami Grant,55.0,21.174806594848633,4.282644748687744,2.9514946937561035,2.316062688827514,0.8762614727020264,0.6707317073170732,0.5099663779752557,-0.5733296174416391,-0.4318697744574769,0.3743474710788027,-0.29146739344396516,14.57711434409121,0.060736636921357536,28.717712883396842
Jusuf Nurkic,61.0,13.717642784118652,9.931844711303713,3.3757436275482178,0.6226248145103455,1.026154398918152,0.7439024390243902,-0.446454853095105,1.0809153848353743,-0.28744356208691496,-1.0162316651674355,0.1284006540881731,11.23345221766423,0.05690222102978029,28.683175483891148
Bogdan Bogdanovic,65.0,16.585948944091797,3.695142984390259,2.496105670928955,2.9738712310791016,1.0451250076293943,0.7926829268292683,-0.07857921320894407,-0.745366695939388,-0.5868969447892339,0.9145118599663787,0.1815396022771007,13.627539713791206,0.07459193573173822,28.60159411837415
Cade Cunningham,46.0,22.7,4.3,7.5,1.9,0.9,0.5609756097560976,0.7055806076206241,-0.5682475106058836,1.1165687506705722,0.03269449211295574,-0.22497293396882354,13.587719396341463,0.048739876682926835,28.5379512195122
Wendell Carter Jr.,58.0,15.733205795288086,9.568416595458984,2.637256145477295,1.4005111455917358,0.5259698033332825,0.7073170731707317,-0.1879480929688516,0.9744933873310239,-0.5388453722582035,-0.3774645047192937,-1.272676333701515,11.947199787025758,0.054318154187149865,28.43559663688264
Jonathan Kuminga,70.0,16.1,4.8,2.2,0.7,0.7,0.8536585365853658,-0.14090477010188304,-0.4218334154044293,-0.6876996035760404,-0.9526944547170778,-0.7851968993436064,14.167283801829269,0.05183826097560976,28.36963414634146
Keyonte George,75.0,13.0,2.8,4.4,2.0,0.5,0.9146341463414634,-0.5384963869109397,-1.0074897962102467,0.06124197743198755,0.11481023768212528,-1.3454208647183887,12.80399774542683,0.05608099115853658,28.192682926829267
Royce O'Neale,77.0,9.79762840270996,5.199873924255371,3.9946789741516113,2.430176019668579,0.954236388206482,0.9390243902439024,-0.949217709810923,-0.30473905777541915,-0.0767406452565071,0.46805248349275613,-0.07305031162561627,10.426493042610517,0.07366805988724807,28.179268721109484
Mike Conley,72.0,11.35536003112793,2.7215476036071777,6.108787536621094,2.366326332092285,1.167004108428955,0.8780487804878049,-0.749430278618244,-1.0304628694787283,0.642961086197358,0.41562183649589696,0.5229375680083146,11.266536117246167,0.0683645876493547,28.173165636760427
Deandre Ayton,60.0,16.01428985595703,9.93213939666748,1.409896969795227,-6.998387107159942e-05,1.029407978057861,0.7317073170731707,-0.15189755550413517,1.0810016770171846,-0.956672791121857,-1.5275621414787728,0.13751431912471543,12.305199752462281,0.053525259913848294,27.94645106245273
Trey Murphy III,66.0,14.8,4.9,2.2,3.0,0.9,0.8048780487804879,-0.3076367384411649,-0.39255059636413825,-0.6876996035760404,0.93596769337382,-0.22497293396882354,12.497352127243905,0.07369418824390246,27.87292682926829
Kevin Huerter,71.0,15.3842134475708,3.099294662475586,2.0056469440460205,2.627400159835815,0.7474091053009033,0.8658536585365854,-0.23270823225365928,-0.9198478818002714,-0.7538628240305474,0.6300045566334657,-0.6523983145108928,13.705319963083674,0.06912575189910594,27.868328248524083
Jaden McDaniels,74.0,15.81429386138916,3.0669076442718506,1.623953938484192,1.2719950675964355,0.9985744953155518,0.9024390243902439,-0.17754811383819166,-0.9293317137334173,-0.8838018072329028,-0.4829964403413899,0.05114603928365809,14.48677860231094,0.0630373259143515,27.816221758243515
Cameron Johnson,55.0,17.648488998413086,5.8481364250183105,3.06878924369812,2.984557867050171,1.1763355731964111,0.6707317073170732,0.05769724424976048,-0.11490952277094338,-0.39193942642238644,0.9232872707702854,0.5490761189822111,12.458748171580531,0.06990234516161055,27.7146612743052
Bruce Brown,73.0,13.225085258483888,3.9770238399505615,3.431959867477417,1.224466323852539,1.1116591691970823,0.8902439024390244,-0.5096279959946515,-0.6628240350964408,-0.2683059804455963,-0.5220250226263504,0.36790976140878384,12.520098948496818,0.06203292693804131,27.64690744117993
Grayson Allen,71.0,12.89295768737793,3.868806123733521,3.0248830318450928,2.927788257598877,0.9494479298591614,0.8658536585365854,-0.5522251372794524,-0.6945132331058124,-0.40688632993205903,0.8766704827126497,-0.08646335724245609,11.918271229962091,0.07445654277084228,27.524928290088
Malik Beasley,80.0,11.744763374328612,3.6036903858184814,1.591028094291687,2.8201217651367188,0.7112162113189697,0.975609756097561,-0.6994872125492081,-0.7721465948868051,-0.8950106862354295,0.7882593396991748,-0.7537789474356325,11.989621878910505,0.07536340341282007,26.760664533987274
Donte DiVincenzo,65.0,13.197402954101562,3.3386571407318115,3.375316381454468,3.9019663333892822,1.3595905303955078,0.7926829268292683,-0.513178399916061,-0.8497558004421454,-0.28758900861642966,1.6766240728193298,1.0623952129655312,11.225028555602623,0.08422995327544722,26.704227488796885
Kelly Oubre Jr.,64.0,15.11678981781006,5.4127044677734375,1.2847148180007937,2.48595666885376,1.2322022914886477,0.7804878048780488,-0.2670067462309236,-0.24241627485455625,-0.9992882996122706,0.5138571794544904,0.7055654912529744,12.206824024891498,0.07420523041486138,26.689728788980624
Ayo Dosunmu,78.0,12.2,2.8,3.2,1.6,0.9,0.9512195121951219,-0.6411006751197287,-1.0074897962102467,-0.347271612208755,-0.21365274459455252,-0.22497293396882354,12.294509823731707,0.06169331714634147,26.634146341463413
Corey Kispert,77.0,13.4,2.8,2.0,2.3,0.5,0.9390243902439024,-0.48719424280654533,-1.0074897962102467,-0.7557852018494976,0.3611574743896335,-1.3454208647183887,13.010433744,0.06232518412195121,26.631670731707313
John Collins,64.0,15.373221397399902,6.826848030090332,1.3107317686080933,1.2000679969787598,0.5818250179290771,0.7804878048780488,-0.2341180216083347,0.1716848254686229,-0.9904314013755258,-0.5420598906451574,-1.1162191846629375,12.439477306452792,0.05345357786112251,26.60611154602795
P.J. Washington Jr.,70.0,12.9,5.6,1.9,1.8,1.0,0.8536585365853658,-0.5513219229370383,-0.1875708630821024,-0.7898280009862262,-0.04942125345621362,0.0551390487185677,11.617467343658536,0.06683886060975609,26.578658536585362
Tim Hardaway Jr.,64.0,15.54918384552002,3.640015125274658,2.0789995193481445,2.89296293258667,0.6989839673042297,0.7804878048780488,-0.211549894432284,-0.7615096871649958,-0.7288915541588278,0.8480734074319894,-0.7880429286724804,12.550674301555699,0.06522077920965846,26.138886635012742
Naz Reid,75.0,12.12850856781006,5.348893642425537,1.1967893838882446,1.8721275329589844,0.7345842123031616,0.9146341463414634,-0.6502698345108231,-0.26110188336929796,-1.0292205785373023,0.009806807993704801,-0.6883223765644034,11.597381489080242,0.0653730605927655,26.097449215083593
Javonte Green,35.0,24.068857192993164,17.57159423828125,0.7911366820335388,1.9188202619552612,1.2192531824111938,0.4268292682926829,0.8811438800538045,3.3180494139516843,-1.1673161130224121,0.04814889053558932,0.6692934850757655,10.835768703664197,0.05674827415523132,26.014424719570613
Scoot Henderson,62.0,14.0,3.1,5.4,1.4,0.8,0.7560975609756098,-0.41024102664995377,-0.919641339089374,0.40166996879927297,-0.3778842357328916,-0.5050849166562148,11.479637222536585,0.04755437426829269,25.415463414634143
Bennedict Mathurin,68.0,14.5,4.0,2.0,1.4,0.6,0.8292682926829268,-0.3461133465194608,-0.6560959677267562,-0.7557852018494976,-0.3778842357328916,-1.0653088820309975,12.418124264341461,0.0518306863414634,25.249560975609754
Brandin Podziemski,74.0,9.2,5.8,3.7,1.2,0.8,0.9024390243902439,-1.0258667559026866,-0.12900522500152062,-0.17705761652511232,-0.5421157268712306,-0.5050849166562148,9.410627526951219,0.05476532168292683,25.13924390243902
Jaime Jaquez Jr.,75.0,11.9,3.8,2.6,0.9,1.0,0.9146341463414634,-0.6795772831980242,-0.714661605807338,-0.5515284070291263,-0.7884629635787389,0.0551390487185677,11.478846347560976,0.05576940640243903,24.964939024390247
Khris Middleton,51.0,15.860906600952148,5.094290733337402,5.8376240730285645,1.9347835779190063,0.8615922927856445,0.6219512195121951,-0.1715697801327891,-0.33565679250889274,0.5506494529543573,0.06125728645678088,-0.3325575241517229,10.77663751658235,0.04890169193316251,24.953248819156393
Jalen Johnson,49.0,16.0,8.7,3.6,1.3,1.2,0.5975609756097561,-0.1537303061279818,0.7201965271669144,-0.21110041566184087,-0.459999981302061,0.6153630140933501,10.32463552989024,0.05315384831707317,24.773085365853657
Jeremy Sochan,65.0,11.6,6.4,3.4,0.9,0.8,0.7926829268292683,-0.7180538912763201,0.04669168924022475,-0.279186013935298,-0.7884629635787389,-0.5050849166562148,10.078221201036587,0.049411060304878046,24.697621951219514
Malcolm Brogdon,47.0,18.58685874938965,4.126848220825195,6.216250419616699,2.015751838684082,0.7100204229354858,0.573170731707317,0.1780481947192712,-0.6189512327666857,0.6795444596020896,0.1277449774584121,-0.7571284939853548,11.43333559936342,0.04450385334944644,24.693730821202433
Zach Collins,53.0,16.1653995513916,6.301936149597168,4.14092493057251,0.8456472158432007,0.5743481516838074,0.6463414634146342,-0.1325169270772465,0.017975829382821797,-0.026954428066553085,-0.833095157526696,-1.137162782945447,11.163560724363466,0.04066401199036386,24.59061841858597
Shaedon Sharpe,56.0,15.9,5.0,2.9,1.9,0.9,0.6829268292682927,-0.16655584215408037,-0.3632677773238475,-0.4494000096189407,0.03269449211295574,-0.22497293396882354,11.389129048585366,0.05455856068292683,24.525268292682924
Michael Porter Jr.,51.0,17.769161224365234,6.021534442901611,1.6967101097106934,2.8466408252716064,0.5625180006027222,0.6219512195121951,0.07317410406274838,-0.06413369497472522,-0.8590335700026906,0.8100356636468743,-1.1703004536935884,11.429938167430304,0.05565785699050187,24.19122034645662
Cole Anthony,69.0,12.596415519714355,3.735384225845337,2.88085412979126,1.1922389268875122,0.8405290246009827,0.8414634146341463,-0.5902582598257179,-0.7335829260245309,-0.45591779975708074,-0.5484887899217181,-0.39155826228254176,11.191715699539902,0.05187567493142281,24.185783048621037
Isaiah Stewart,56.0,13.644014358520508,7.771887302398682,2.0345242023468018,2.4742043018341064,0.3557145595550537,0.6829268292682927,-0.45589809334564424,0.4484189654383586,-0.7440321969910182,0.5042066356542766,-1.749581672677963,9.990318126580657,0.053486685789986825,24.077795931188074
Herbert Jones,73.0,11.0,3.6,2.6,1.5,1.4,0.8902439024390244,-0.7950071074329117,-0.7732272438879196,-0.5515284070291263,-0.2957684901637221,1.1755869794681326,10.424781846085365,0.0673005597195122,24.032134146341463
Kelly Olynyk,62.0,10.4857759475708,5.327158451080322,5.525391101837158,1.1351213455200195,0.8509978652000427,0.7560975609756098,-0.8609590985320829,-0.26746656011897824,0.4443566097330274,-0.5953913177127118,-0.36223378531613204,9.099275070312705,0.046272297888851364,23.86987526376073
Andrew Wiggins,60.0,13.98204231262207,4.8776445388793945,2.0468335151672363,2.268258810043335,0.9505004286766052,0.7317073170731707,-0.4125441963140643,-0.39909690558970784,-0.739841762352446,0.33509295960419183,-0.08351518193715278,10.716551013634268,0.06042623719079044,23.71809540143827
Chris Paul,61.0,9.06476879119873,3.860916376113891,7.843501091003418,1.3178554773330688,1.4242230653762815,0.7439024390243902,-1.0432108833060219,-0.6968235736240042,1.233506137113337,-0.44533782296507746,1.243438688161298,8.230060120568,0.05201075507423154,23.70145310824964
Gary Trent Jr.,69.0,12.007067680358888,3.0183980464935303,1.6149848699569702,2.8565452098846436,1.6006711721420288,0.8414634146341463,-0.665845279281287,-0.9435366914680158,-0.8868551292160604,0.8181687229159078,1.7376909784371979,10.516588907972835,0.08167894172009904,23.67973024235993
Kentavious Caldwell-Pope,76.0,10.677705764770508,2.865764856338501,2.3088128566741943,1.9293532371520996,1.2020642757415771,0.926829268292683,-0.8363430706823092,-0.9882319923365361,-0.6506566613435082,0.05679812164908885,0.6211452978012169,10.460179552438595,0.068559456665523,23.61899586945046
Duncan Robinson,63.0,15.964439392089844,1.779672145843506,2.0668301582336426,2.0710513591766357,0.488223522901535,0.7682926829268293,-0.15829114470659858,-1.3062705553605758,-0.7330343453192608,0.17315459100704822,-1.3784081882096257,12.46220092186698,0.04960806515444501,23.33494118689037
De'Anthony Melton,63.0,10.278258323669434,5.529728889465332,2.657572031021118,2.4366447925567627,1.8084261417388916,0.7682926829268293,-0.8875743461460565,-0.2081482252175719,-0.531929276149672,0.47336436457906433,2.319637542906557,8.683592632629273,0.07701253877530566,23.213708361416323
Jakob Poeltl,63.0,8.935079574584961,9.443034172058104,3.1116466522216797,0.0,0.8574417233467102,0.7682926829268293,-1.059844220504786,0.9377778791782126,-0.37734956492350386,-1.527504673701264,-0.3441837664999388,7.934409571197529,0.04348489861609708,23.03987475810981
Paul Reed,63.0,9.816742897033691,9.706905364990234,1.4506279230117798,0.3147020637989044,0.9529117941856384,0.7682926829268293,-0.9467661734552262,1.0150468031039852,-0.9428068345318711,-1.2690847276912303,-0.07676065819995997,8.334206599727,0.05009155378662989,22.821311123229382
Draymond Green,58.0,8.413802146911621,6.78037691116333,6.770606994628906,0.5204687714576721,1.0855334997177124,0.7073170731707317,-1.1267008447869502,0.15807677180723056,0.8682629549347431,-1.1001178615640999,0.2947286306397662,7.377251990635597,0.0419493216623792,22.543247792415503
Marcus Smart,51.0,13.435483932495115,2.962775468826294,6.390089511871338,1.994861364364624,1.813624620437622,0.6219512195121951,-0.4826432382609078,-0.9598245502318579,0.7387241525994486,0.11059060871805326,2.334199104659153,9.270737986762539,0.057178086868427534,22.365419457104146
De'Andre Hunter,59.0,16.128799438476562,3.073671579360962,1.1503660678863523,2.062732458114624,0.5529472231864929,0.7195121951219512,-0.1372110877447576,-0.9273510428612701,-1.0450243747564352,0.16632346337681575,-1.1971093480727852,11.730379268397394,0.05025544503817077,22.343812390798472
OG Anunoby,55.0,13.826430320739746,3.4588425159454346,2.607901096343994,2.829383134841919,1.8419275283813477,0.6707317073170732,-0.4325022683938614,-0.8145621345054455,-0.548838652671141,0.7958643824825172,2.41347894125851,9.744076311722065,0.07100569175238348,22.047546056567164
Dorian Finney-Smith,71.0,9.095587730407717,4.997592449188232,1.8366154432296753,2.0831618309020996,0.9574536681175232,0.8658536585365854,-1.039258189154912,-0.36397277607136047,-0.8114058783312534,0.18309919515635634,-0.06403832507819578,8.557002509315772,0.0635922717212469,21.91592009397542
Russell Westbrook,73.0,4.119215965270996,7.556493759155273,4.886971950531006,0.9850059747695924,0.8094866275787354,0.8902439024390244,-1.6775045426851207,0.3853456639459207,0.22702086040346683,-0.718659673618348,-0.47851173605525044,5.312232039294761,0.04868881649004548,21.85473306160148
Alex Caruso,60.0,8.525100708007812,4.7446699142456055,5.010402679443359,1.7326596975326538,2.2252116203308105,0.7317073170731707,-1.1124262077370288,-0.43803562429072634,0.26904013552009926,-0.1047182448958088,3.4871036105435143,7.333048310779117,0.07010790607881982,21.738874061805443
Luguentz Dort,68.0,9.895625114440918,4.822779655456543,1.8236676454544067,2.067885160446167,0.9683277606964112,0.8292682926829268,-0.936649106243477,-0.415162890119088,-0.815813671120518,0.17055464331332224,-0.03357868875620998,8.816954565338062,0.06159817674872253,21.69673225257455
Lauri Markkanen,61.0,9.29102611541748,6.675508975982666,1.9193174839019775,3.343857526779175,0.6894299387931824,0.7439024390243902,-1.0141921686766595,0.12736848411698717,-0.783251788743206,1.2183288651842459,-0.8148049073612939,7.70488306754275,0.06484948086790547,21.661471093718596
Andre Drummond,73.0,6.588376998901367,9.144848823547363,1.0890047550201416,0.0364108420908451,0.9777894020080566,0.8902439024390244,-1.3608214047744691,0.8504608031691518,-1.065913483243139,-1.4976056392503536,-0.007075497683390761,6.740144195605287,0.049993716362206085,21.09413472843379
Jalen Suggs,59.0,12.6,3.1,2.7,2.0,1.4,0.7195121951219512,-0.5897985310153342,-0.919641339089374,-0.5174856078923977,0.11481023768212528,1.1755869794681326,9.54205106459756,0.05956478109756097,21.088182926829266
Norman Powell,60.0,13.113445281982422,3.1808061599731445,1.8266992568969729,2.220229148864746,0.8678932189941406,0.7317073170731707,-0.5239464214003751,-0.8959790174910301,-0.8147816257265191,0.29565304523304764,-0.31490787482143506,9.933772523978988,0.054498956362828976,20.88650227058225
Al Horford,66.0,7.555478096008301,6.509883880615234,2.804551124572754,1.8374617099761963,0.6105749011039734,0.8048780487804879,-1.2367855051562244,0.07886878715523299,-0.48189347855890435,-0.01865929100630014,-1.035687316881427,7.047325627621833,0.0512656935999166,20.775649580955506
Dillon Brooks,59.0,11.928091049194336,3.9075794219970703,2.6543636322021484,1.844966411590576,1.0285685062408447,0.7195121951219512,-0.6759744555634957,-0.683159318339345,-0.533021504915119,-0.012496749322910781,0.135162857973969,9.11784885668359,0.052823465674520266,20.68289593306983
Amen Thompson,62.0,9.5,6.6,2.6,0.1,1.3,0.7560975609756098,-0.9873901478243907,0.10525732732080628,-0.5515284070291263,-1.4453889281320946,0.8954749967807417,7.916194425878049,0.046669573024390246,20.40480487804878
T.J. McConnell,58.0,11.472257614135742,3.008162498474121,5.044230937957764,0.2587615251541137,1.0532170534133911,0.7073170731707317,-0.7344375369959384,-0.9465339484723215,0.2805562216176112,-1.3150207180748095,0.2042063921626256,8.890768284598758,0.03600428936279052,20.084056688837887
Santi Aldama,57.0,10.7,5.8,2.3,1.7,0.7,0.6951219512195121,-0.8334837155112076,-0.12900522500152062,-0.6536568044393121,-0.13153699902538316,-0.7851968993436064,8.056070232804876,0.046716498621951215,19.777609756097558
Brook Lopez,57.0,12.387495040893556,4.642442226409912,1.6944971084594729,1.6460286378860474,0.5287951231002808,0.6951219512195121,-0.6170534311027772,-0.46797077312872587,-0.859786937573537,-0.1758559854190916,-1.2647622744849174,9.002911629733424,0.04337198930615614,19.572671498074765
Walker Kessler,69.0,8.1,7.5,0.9,0.1,0.5,0.8414634146341463,-1.166947652189771,0.3688026986834242,-1.1302559923535116,-1.4453889281320946,-1.3454208647183887,7.417126595560974,0.037066062878048776,19.269512195121948
Ausar Thompson,63.0,8.8,6.4,1.9,0.3,1.1,0.7682926829268293,-1.0771689000070808,0.04669168924022475,-0.7898280009862262,-1.2811574369937557,0.33525103140595924,7.395449724548781,0.04471607623170732,19.044439024390243
Eric Gordon,65.0,11.320712089538574,1.6763256788253784,2.220905303955078,1.940932035446167,0.5946614742279053,0.7926829268292683,-0.7538740628490883,-1.336533314282028,-0.6805828529416907,0.06630613819621256,-1.0802627324174894,9.319696663156794,0.046026123367578164,19.03266288768954
GG Jackson II,48.0,14.6,4.1,1.2,2.1,0.6,0.5853658536585366,-0.33328781049336226,-0.6268131486864654,-1.028127594943326,0.19692598325129482,-1.0653088820309975,8.751341199804877,0.041961484097560973,17.82380487804878
Simone Fontecchio,59.0,10.5,3.7,1.5,2.0,0.7,0.7195121951219512,-0.8591347875634047,-0.7439444248476288,-0.9259991975331403,0.11481023768212528,-0.7851968993436064,7.926182582573169,0.047063668987804876,17.762597560975607
John Konchar,66.0,5.40270471572876,7.03367805480957,2.209214687347412,0.8579351305961609,1.1113450527191162,0.8048780487804879,-1.5128902306042376,0.23225048732814632,-0.6845626660712835,-0.8230048447123988,0.36702988351440524,5.254221403311677,0.04958457311298378,17.754746250655593
Tre Mann,56.0,9.3,3.6,4.0,1.1,1.2,0.6829268292682927,-1.013041219876588,-0.7732272438879196,-0.07492921911492674,-0.6242314724403999,0.6153630140933501,7.075363458731709,0.043076628,17.687121951219513
Luke Kennard,56.0,10.147669792175291,2.951298236846924,1.9760404825210571,3.3278305530548096,0.5356850624084473,0.6829268292682927,-0.9043230252987908,-0.9631854073032112,-0.7639416922589835,1.2051681962183085,-1.2454627288828541,7.379589489550451,0.051312452926669125,17.306264144269427
Tari Eason,52.0,9.8,7.0,1.2,0.8,1.4,0.6341463414634146,-0.9489135397460948,0.22238860348196987,-1.028127594943326,-0.8705787091479084,1.1755869794681326,6.679032555317074,0.04723623434146342,17.073756097560974
Coby White,71.0,5.965170860290527,2.9681456089019775,2.9294474124908447,2.009920358657837,0.6813783049583435,0.8658536585365854,-1.4407509325988603,-0.9582520218312853,-0.4393752861337185,0.12295641415714371,-0.8373584985347898,5.969917561828766,0.04835437022583061,16.869986867991887
Kyle Lowry,59.0,5.593117713928223,3.391768455505371,4.936110973358154,1.7860982418060305,0.9338939785957336,0.7195121951219512,-1.488468742921791,-0.8342033102470846,0.24374915924226417,-0.06083678584441483,-0.13003183851267405,5.056252840275379,0.04230511721631939,16.0940025607551
Mitchell Robinson,54.0,5.849736213684082,10.589619636535645,0.714120626449585,0.0,0.9418140649795532,0.6585365853658537,-1.4555560447859694,1.2735304258834494,-1.1935345341278887,-1.527504673701264,-0.10784672751240293,4.55702841761571,0.03793637421561128,15.764414861667447
Dereck Lively II,55.0,8.8,6.9,1.1,0.0,0.7,0.6707317073170732,-1.0771689000070808,0.19310578444167908,-1.0621703940800544,-1.527504673701264,-0.7851968993436064,6.35022683792683,0.03145430213414634,15.746768292682928
Rui Hachimura,58.0,10.129289627075195,3.2204322814941406,0.8580272793769836,1.6157307624816897,0.4088893532752991,0.7073170731707317,-0.90668037999536,-0.8843753720333511,-1.1445446813274252,-0.20073531169899794,-1.6006327036982533,7.376729255882289,0.03709988438281652,15.445301402036735
Dyson Daniels,60.0,5.8,3.9,2.7,0.7,1.4,0.7317073170731707,-1.4619349807900388,-0.6853787867670471,-0.5174856078923977,-0.9526944547170778,1.1755869794681326,4.893846020487805,0.042959560243902434,14.170243902439024
Collin Sexton,46.0,12.176135063171388,2.353541612625122,2.1761584281921387,0.9843868017196656,0.7030232548713684,0.5609756097560976,-0.6441614811902878,-1.1382253978754329,-0.6958159419776296,-0.7191681121846587,-0.776728400181723,7.052471141980204,0.029168772739166075,14.000468341693649
Patrick Williams,47.0,10.543720245361328,3.362116813659668,1.390999436378479,1.7173947095870972,0.8503566980361938,0.573170731707317,-0.8535274317438889,-0.842886146871237,-0.9631060404647167,-0.1172532035583465,-0.3640297713711297,6.292330636495458,0.037069506673443234,13.745324395313494
Matisse Thybulle,67.0,5.963641166687012,2.3669183254241943,1.0082508325576782,1.0705437660217283,1.445050835609436,0.8170731707317073,-1.440947124003068,-1.134308319272941,-1.0934043788620649,-0.6484196785882568,1.3017797683109615,5.168246139011831,0.04994065125500007,12.845599600847175
Marvin Bagley III,47.0,9.674296379089355,5.245166778564453,0.9476376175880432,0.2973313331604004,0.4432584643363952,0.573170731707317,-0.9650357029321001,-0.29147603320990806,-1.1140388138844912,-1.2833488326658502,-1.5043607052729855,5.802377891099492,0.02390918711874155,12.830605781478125
Mark Williams,31.0,12.7,9.7,1.2,0.0,0.8,0.3780487804878049,-0.5769729949892356,1.013024717569823,-1.028127594943326,-1.527504673701264,-0.5050849166562148,5.120846075646341,0.02355280157317073,12.383365853658534
Brandon Clarke,42.0,9.859283447265623,4.919363021850586,1.278921365737915,0.3418982326984405,0.616140604019165,0.5121951219512195,-0.9413101198595293,-0.3868805577148993,-1.0012605529292047,-1.2467523908331257,-1.0200971160951935,5.30068613793973,0.023340931743839305,11.749510314689902
Vince Williams Jr.,33.0,10.0,5.6,3.4,1.5,0.9,0.4024390243902439,-0.9232624676938977,-0.1875708630821024,-0.279186013935298,-0.2957684901637221,-0.22497293396882354,4.480467379756098,0.027139235414634148,11.575353658536585
Robert Williams III,34.0,6.8,6.3,0.8,0.0,1.2,0.4146341463414634,-1.3336796205290529,0.01740887019993373,-1.16429879149024,-1.527504673701264,0.6153630140933501,3.073069132292683,0.02236187919512195,8.331658536585364
Ben Simmons,28.0,4.438174724578857,5.641776084899902,4.380359172821045,-0.0311536602675914,0.9353835582733154,0.34146341463414637,-1.6365963721016938,-0.1753376477387456,0.05455569008666377,-1.5530867341020829,-0.12585934734409127,2.0090081261396553,0.013990602282827719,7.062153986636095
Jonathan Isaac,34.0,5.475765705108643,4.372900009155273,0.465519368648529,0.5159249901771545,1.173896551132202,0.4146341463414634,-1.5035197670902967,-0.5469003328445894,-1.2781653609724828,-1.1038490214396293,0.5422441259199717,2.444178333457584,0.021866988969154122,6.590202059600411
Scotty Pippen Jr.,13.0,12.9,3.2,4.7,1.4,1.7,0.15853658536585366,-0.5513219229370383,-0.8903585200490831,0.16337037484217312,-0.3778842357328916,2.0159229275303066,2.216265963378049,0.013071405195121953,5.118036585365854
